chromosome	start	end	germlineStatus	bafCount	observedBAF	minorAllelePloidy	minorAllelePloidyDeviation	observedTumorRatio	observedNormalRatio	majorAllelePloidy	majorAllelePloidyDeviation	deviationPenalty	tumorCopyNumber	fittedTumorCopyNumber	fittedBAF	refNormalisedCopyNumber	ratioSupport	support	depthWindowCount	tumorBAF	gcContent	svCluster	eventPenalty	minStart	maxStart
chr1	1	820000	UNKNOWN	0	0.0000	0.0000	0.2000	0.0000	0.0000	0.0000	1.5000	0.0000	0.0000	0.0000	0.0000	0.0000	true	TELOMERE	0	1.0000	0.0000	false	1.6000	1	1
chr1	820001	905000	DIPLOID	0	0.0000	0.4989	0.9999	0.7010	1.0364	0.6147	2.5731	0.0000	1.1137	0.0000	0.0000	1.0894	true	NONE	16	0.5520	0.5039	false	1.2659	1	820001
chr1	905001	2326000	DIPLOID	205	0.7812	0.0422	0.2606	0.6759	0.9601	1.0076	0.2000	0.3599	1.0499	0.0000	0.0000	1.0765	true	NONE	694	0.9598	0.5774	false	1.2896	905001	905001
chr1	2326001	3060000	DIPLOID	219	0.7857	0.0533	0.3253	0.7104	0.9736	1.0842	0.4926	0.6427	1.1375	0.0000	0.0000	1.1551	true	NONE	232	0.9531	0.5665	false	1.3093	2326001	2327001
chr1	3060001	3658000	DIPLOID	89	0.7931	0.0448	0.2761	0.7197	1.0138	1.1163	0.6404	0.7269	1.1612	0.0000	0.0000	1.1520	true	NONE	332	0.9614	0.5852	false	1.3214	3060001	3060001
chr1	3658001	7510000	DIPLOID	853	0.7910	0.0262	0.2000	0.6774	1.0067	1.0276	0.2000	0.3164	1.0538	0.0000	0.0000	1.0493	true	NONE	3456	0.9751	0.4919	false	1.3004	3658001	3658001
chr1	7510001	7511000	HET_DELETION	0	0.0000	0.0000	0.2000	0.1360	0.5258	-0.3213	2.4886	0.0000	-0.3213	0.0000	0.0000	-0.0051	true	NONE	1	1.0000	0.5160	false	1.6964	7510001	7510001
chr1	7511001	10187000	DIPLOID	468	0.7907	0.0160	0.2000	0.6572	0.9944	0.9865	0.2000	0.3163	1.0025	0.0000	0.0000	1.0063	true	NONE	2482	0.9840	0.4722	false	1.2992	7510001	7511001
chr1	10187001	10189000	HET_DELETION	1	0.6774	0.0000	0.2000	0.3122	0.4317	0.1262	2.6702	1.9443	0.1262	0.0000	0.0000	0.5051	true	NONE	2	1.0000	0.2910	false	1.5621	10187001	10187001
chr1	10189001	14110000	DIPLOID	779	0.7949	0.0114	0.2000	0.6619	0.9936	1.0029	0.2000	0.3180	1.0143	0.0000	0.0000	1.0186	true	NONE	3094	0.9887	0.4780	false	1.2974	10187001	10189001
chr2	1	14000	UNKNOWN	0	0.0000	0.0000	0.2000	0.0000	0.0000	0.0000	1.5000	0.0000	0.0000	0.0000	0.0000	0.0000	true	TELOMERE	0	1.0000	0.0000	false	1.6000	1	1
chr2	14001	174000	DIPLOID	0	0.0000	1.0000	0.2000	1.0693	0.9960	1.0490	0.3004	0.0000	2.0490	0.0000	0.0000	2.0517	true	NONE	140	0.5120	0.4153	false	1.0147	1	14001
chr2	174001	1750000	DIPLOID	521	0.5402	1.0000	0.2000	1.0871	1.0229	1.0942	0.5416	0.4006	2.0942	0.0000	0.0000	2.0789	true	NONE	1038	0.5225	0.4467	false	1.0282	174001	174001
chr2	1750001	1751000	HET_DELETION	0	0.0000	0.0000	0.2000	0.4169	0.5123	0.3921	2.9078	0.0000	0.3921	0.0000	0.0000	0.7173	true	NONE	1	1.0000	0.5690	false	1.4824	1750001	1750001
chr2	1751001	3685000	DIPLOID	497	0.5366	1.0000	0.2000	1.0813	0.9951	1.0794	0.4681	0.3585	2.0794	0.0000	0.0000	2.0826	true	NONE	1671	0.5191	0.4589	false	1.0238	1750001	1751001
chr2	3685001	3691000	HET_DELETION	0	0.0000	0.0000	0.2000	0.5119	0.4915	0.6333	2.5423	0.0000	0.6333	0.0000	0.0000	0.9723	true	NONE	6	1.0000	0.3853	false	1.4100	3685001	3685001
chr2	3691001	13818000	DIPLOID	2355	0.5397	1.0000	0.2000	1.0619	0.9979	1.0301	0.2000	0.2159	2.0301	0.0000	0.0000	2.0315	true	NONE	9587	0.5074	0.4200	false	1.0090	3685001	3691001
chr2	13818001	13820000	HET_DELETION	0	0.0000	0.0000	0.2000	0.4548	0.5680	0.4884	2.7672	0.0000	0.4884	0.0000	0.0000	0.7764	true	NONE	2	1.0000	0.2625	false	1.4535	13818001	13818001
chr2	13820001	19568000	DIPLOID	872	0.5389	1.0000	0.2000	1.0589	1.0031	1.0225	0.2000	0.2156	2.0225	0.0000	0.0000	2.0204	true	NONE	5433	0.5056	0.3976	false	1.0067	13818001	13820001
chr2	19568001	19571000	HET_DELETION	0	0.0000	0.0000	0.2000	0.5935	0.5121	0.8406	1.8207	0.0000	0.8406	0.0000	0.0000	1.1658	true	NONE	3	1.0000	0.4317	false	1.3478	19568001	19568001
chr3	1	10000	UNKNOWN	0	0.0000	0.0000	0.2000	0.0000	0.0000	0.0000	1.5000	0.0000	0.0000	0.0000	0.0000	0.0000	true	TELOMERE	0	1.0000	0.0000	false	1.6000	1	1
chr3	10001	53000	DIPLOID	0	0.0000	0.4849	0.9999	0.6887	0.9057	0.5975	2.6008	0.0000	1.0823	0.0000	0.0000	1.1452	true	NONE	15	0.5520	0.3805	false	1.2753	1	10001
chr3	53001	1740000	DIPLOID	513	0.7925	0.0177	0.2000	0.6662	1.0237	1.0075	0.2000	0.3170	1.0252	0.0000	0.0000	1.0094	true	NONE	1543	0.9827	0.3646	false	1.2969	53001	53001
chr3	1740001	1746000	HET_DELETION	0	0.0000	0.0000	0.2000	0.1382	0.5620	-0.3157	2.4871	0.0000	-0.3157	0.0000	0.0000	-0.0238	true	NONE	5	1.0000	0.4092	false	1.6947	1740001	1741001
chr3	1746001	1747000	HET_DELETION	0	0.0000	0.0000	0.2000	0.3574	0.6509	0.2410	3.0231	0.0000	0.2410	0.0000	0.0000	0.4737	true	NONE	1	1.0000	0.3820	false	1.5277	1746001	1746001
chr3	1747001	8284000	DIPLOID	2153	0.7959	0.0111	0.2000	0.6645	1.0013	1.0099	0.2000	0.3184	1.0211	0.0000	0.0000	1.0202	true	NONE	6140	0.9891	0.3889	false	1.2996	1740001	1747001
chr3	8284001	8285000	HET_DELETION	0	0.0000	0.0000	0.2000	0.1600	0.5475	-0.2603	2.4596	0.0000	-0.2603	0.0000	0.0000	0.0413	true	NONE	1	1.0000	0.3750	false	1.6781	8284001	8284001
chr3	8285001	9655000	DIPLOID	456	0.7952	0.0147	0.2000	0.6691	0.9975	1.0179	0.2000	0.3181	1.0326	0.0000	0.0000	1.0342	true	NONE	1285	0.9858	0.4363	false	1.3010	8284001	8285001
chr3	9655001	9656000	HET_DELETION	0	0.0000	0.0000	0.2000	0.1624	0.3385	-0.2542	2.4547	0.0000	-0.2542	0.0000	0.0000	0.1868	true	NONE	1	1.0000	0.5180	false	1.6763	9655001	9655001
chr3	9656001	10258000	DIPLOID	92	0.7871	0.0000	0.2000	0.6491	0.9632	0.9819	0.2543	0.3576	0.9819	0.0000	0.0000	1.0064	true	NONE	533	1.0000	0.4821	false	1.3054	9655001	9656001
chr4	1	69000	UNKNOWN	0	0.0000	0.0000	0.2000	0.0000	0.0000	0.0000	1.5000	0.0000	0.0000	0.0000	0.0000	0.0000	true	TELOMERE	0	1.0000	0.0000	false	1.6000	1	1
chr4	69001	127000	DIPLOID	0	0.0000	1.0000	0.2000	1.0900	1.1005	1.1016	0.5764	0.0000	2.1016	0.0000	0.0000	2.0346	true	NONE	57	0.5242	0.4149	false	1.0305	1	69001
chr4	127001	128000	HOM_DELETION	0	0.0000	0.0000	0.2000	0.0309	0.0516	-0.5882	2.5000	0.0000	-0.5882	0.0000	0.0000	0.0441	true	NONE	1	1.0000	0.4110	false	1.7765	127001	127001
chr4	128001	214000	DIPLOID	0	0.0000	1.0000	0.2000	1.0503	1.0731	1.0007	0.2000	0.0000	2.0007	0.0000	0.0000	1.9520	true	NONE	69	0.5002	0.4026	false	1.0002	127001	133001
chr4	214001	299000	DIPLOID	3	0.5233	1.0000	0.2000	1.0595	1.0952	1.0240	0.2000	0.2093	2.0240	0.0000	0.0000	1.9605	true	NONE	80	0.5059	0.3756	false	1.0072	214001	214001
chr4	299001	300000	HET_DELETION	0	0.0000	0.0000	0.2000	0.3959	0.3701	0.3388	2.9765	0.0000	0.3388	0.0000	0.0000	0.7587	true	NONE	1	1.0000	0.3370	false	1.4984	299001	299001
chr4	300001	581000	DIPLOID	4	0.5584	0.8482	0.7679	1.0534	1.0547	1.1605	0.7936	0.8719	2.0087	0.0000	0.0000	1.9722	true	NONE	236	0.5777	0.4402	false	1.0937	299001	302001
chr4	581001	3139000	DIPLOID	273	0.5366	1.0000	0.2000	1.0650	0.9696	1.0380	0.2351	0.2335	2.0380	0.0000	0.0000	2.0582	true	NONE	1831	0.5093	0.5209	false	1.0114	581001	581001
chr4	3139001	10210000	DIPLOID	2212	0.5385	1.0000	0.2000	1.0767	0.9978	1.0678	0.4067	0.3267	2.0678	0.0000	0.0000	2.0692	true	NONE	5190	0.5164	0.4956	false	1.0203	3139001	3139001
chr4	10210001	10233000	HET_DELETION	0	0.0000	0.0000	0.2000	0.5292	0.4895	0.6773	2.4620	0.0000	0.6773	0.0000	0.0000	1.0176	true	NONE	23	1.0000	0.4387	false	1.3968	10210001	10210001
chr5	1	13000	UNKNOWN	0	0.0000	0.0000	0.2000	0.0000	0.0000	0.0000	1.5000	0.0000	0.0000	0.0000	0.0000	0.0000	true	TELOMERE	0	1.0000	0.0000	false	1.6000	1	1
chr5	13001	163000	DIPLOID	0	0.0000	1.0000	0.2000	1.0567	0.9576	1.0170	0.2000	0.0000	2.0170	0.0000	0.0000	2.0453	true	NONE	113	0.5042	0.4660	false	1.0051	1	13001
chr5	163001	677000	DIPLOID	130	0.5343	1.0000	0.2000	1.0990	1.0055	1.1243	0.6725	0.4662	2.1243	0.0000	0.0000	2.1206	true	NONE	217	0.5293	0.5348	false	1.0373	163001	163001
chr5	677001	778000	AMPLIFICATION	21	0.5952	1.4168	0.9990	1.7024	1.4639	2.2400	0.9413	1.1548	3.6569	0.0000	0.0000	3.3476	true	NONE	8	0.6126	0.5852	false	1.4971	677001	710001
chr5	778001	4189000	DIPLOID	1181	0.5377	1.0000	0.2000	1.0813	0.9928	1.0796	0.4693	0.3599	2.0796	0.0000	0.0000	2.0844	true	NONE	2660	0.5191	0.4624	false	1.0239	677001	816001
chr5	4189001	4190000	HET_DELETION	0	0.0000	0.0000	0.2000	0.4839	0.5543	0.5623	2.6554	0.0000	0.5623	0.0000	0.0000	0.8594	true	NONE	1	1.0000	0.3410	false	1.4313	4189001	4189001
chr5	4190001	11128000	DIPLOID	1894	0.5402	1.0000	0.2000	1.0644	0.9999	1.0365	0.2261	0.2302	2.0365	0.0000	0.0000	2.0366	true	NONE	6567	0.5090	0.4136	false	1.0109	4189001	4191001
chr5	11128001	11130000	HET_DELETION	0	0.0000	0.0000	0.2000	0.5593	0.5020	0.7537	2.2648	0.0000	0.7537	0.0000	0.0000	1.0857	true	NONE	2	1.0000	0.3230	false	1.3739	11128001	11128001
chr5	11130001	16950000	DIPLOID	1140	0.5417	1.0000	0.2000	1.0598	0.9998	1.0249	0.2000	0.2167	2.0249	0.0000	0.0000	2.0250	true	NONE	5510	0.5061	0.3942	false	1.0075	11128001	11130001
chr5	16950001	17054000	DIPLOID	4	0.5298	0.8039	0.8775	0.9728	0.9540	1.0000	0.2000	0.5709	1.8039	0.0000	0.0000	1.8345	true	NONE	95	0.5544	0.4407	false	1.0588	16950001	16950001
chr6	1	151000	UNKNOWN	0	0.0000	0.0000	0.2000	0.0000	0.0000	0.0000	1.5000	0.0000	0.0000	0.0000	0.0000	0.0000	true	TELOMERE	0	1.0000	0.0000	false	1.6000	1	1
chr6	151001	155000	UNKNOWN	1	0.6463	0.0000	0.2000	0.0000	0.0000	0.0000	1.5000	1.0987	0.0000	0.0000	0.0000	0.0000	true	NONE	0	1.0000	0.0000	false	1.6000	151001	151001
chr6	155001	296000	DIPLOID	19	0.5316	1.0000	0.2000	1.0530	1.0386	1.0076	0.2000	0.2126	2.0076	0.0000	0.0000	1.9819	true	NONE	135	0.5019	0.4391	false	1.0023	1	155001
chr6	296001	382000	AMPLIFICATION	0	0.0000	1.5719	0.9993	1.6441	1.5793	1.9369	0.3808	0.0000	3.5088	0.0000	0.0000	3.1226	true	NONE	80	0.5520	0.4769	false	1.4474	296001	296001
chr6	382001	383000	AMPLIFICATION	1	0.5730	1.0379	0.2349	1.2645	1.3378	1.5068	0.9999	0.7076	2.5448	0.0000	0.0000	2.3196	true	NONE	1	0.5921	0.5690	false	1.1634	382001	382001
chr6	383001	1652000	DIPLOID	307	0.5393	1.0000	0.2000	1.0758	1.0235	1.0655	0.3943	0.3205	2.0655	0.0000	0.0000	2.0499	true	NONE	1186	0.5159	0.4410	false	1.0197	296001	383001
chr6	1652001	1653000	HET_DELETION	0	0.0000	0.0000	0.2000	0.4064	0.3820	0.3655	2.9438	0.0000	0.3655	0.0000	0.0000	0.7775	true	NONE	1	1.0000	0.3420	false	1.4904	1652001	1652001
chr6	1653001	6045000	DIPLOID	1343	0.5393	1.0000	0.2000	1.0663	0.9946	1.0414	0.2556	0.2457	2.0414	0.0000	0.0000	2.0450	true	NONE	4127	0.5101	0.4303	false	1.0124	1652001	1653001
chr6	6045001	6047000	HET_DELETION	0	0.0000	0.0000	0.2000	0.6033	0.5775	0.8655	1.6225	0.0000	0.8655	0.0000	0.0000	1.1472	true	NONE	2	1.0000	0.2775	false	1.3403	6045001	6045001
chr6	6047001	8338000	DIPLOID	864	0.5395	1.0000	0.2000	1.0514	0.9978	1.0034	0.2000	0.2158	2.0034	0.0000	0.0000	2.0049	true	NONE	2174	0.5009	0.4292	false	1.0010	6045001	6047001
chr7	1	35000	UNKNOWN	0	0.0000	0.0000	0.2000	0.0000	0.0000	0.0000	1.5000	0.0000	0.0000	0.0000	0.0000	0.0000	true	TELOMERE	0	1.0000	0.0000	false	1.6000	1	1
chr7	35001	199000	UNKNOWN	60	0.5373	0.0000	0.2000	0.0000	0.0000	0.0000	1.5000	0.9133	0.0000	0.0000	0.0000	0.0000	true	NONE	0	1.0000	0.0000	false	1.6000	35001	35001
chr7	199001	2235000	DIPLOID	875	0.5397	1.0000	0.2000	1.0759	0.9885	1.0658	0.3959	0.3216	2.0658	0.0000	0.0000	2.0735	true	NONE	1310	0.5159	0.5573	false	1.0198	1	199001
chr7	2235001	4537000	DIPLOID	870	0.5381	0.9880	0.2000	1.0453	0.9968	1.0000	0.2000	0.2152	1.9880	0.0000	0.0000	1.9901	true	NONE	2078	0.5030	0.4665	false	1.0036	2235001	2235001
chr7	4537001	4885000	DIPLOID	68	0.5424	0.9751	0.2000	1.0402	0.9681	1.0000	0.2000	0.2170	1.9751	0.0000	0.0000	1.9963	true	NONE	285	0.5063	0.5069	false	1.0075	4537001	4537001
chr7	4885001	5186000	DIPLOID	10	0.5552	0.7803	0.9164	0.9857	0.9356	1.0564	0.3430	0.6992	1.8367	0.0000	0.0000	1.8796	true	NONE	229	0.5752	0.4812	false	1.0828	4885001	4885001
chr7	5186001	5189000	HET_DELETION	0	0.0000	0.0000	0.2000	0.6135	0.6241	0.8913	1.3786	0.0000	0.8913	0.0000	0.0000	1.1419	true	NONE	3	1.0000	0.4673	false	1.3326	5186001	5186001
chr7	5189001	6834000	DIPLOID	271	0.5400	0.8935	0.5984	1.0081	0.9499	1.0000	0.2000	0.4311	1.8935	0.0000	0.0000	1.9269	true	NONE	1181	0.5281	0.4938	false	1.0320	5186001	5189001
chr7	6834001	6835000	DIPLOID	0	0.0000	0.9980	0.2000	1.0492	0.9689	1.0000	0.2000	0.0000	1.9980	0.0000	0.0000	2.0187	true	NONE	1	0.5005	0.4410	false	1.0006	6834001	6834001
chr7	6835001	15529000	DIPLOID	2747	0.5397	1.0000	0.2000	1.0548	1.0060	1.0121	0.2000	0.2159	2.0121	0.0000	0.0000	2.0081	true	NONE	8056	0.5030	0.3606	false	1.0036	6835001	6835001
chr8	1	206000	UNKNOWN	0	0.0000	0.0000	0.2000	0.0000	0.0000	0.0000	1.5000	0.0000	0.0000	0.0000	0.0000	0.0000	true	TELOMERE	0	1.0000	0.0000	false	1.6000	1	1
chr8	206001	220000	UNKNOWN	5	0.5526	0.0000	0.2000	0.0000	0.0000	0.0000	1.5000	0.9394	0.0000	0.0000	0.0000	0.0000	true	NONE	0	1.0000	0.0000	false	1.6000	206001	206001
chr8	220001	643000	DIPLOID	166	0.5385	1.0000	0.2000	1.0794	1.0231	1.0746	0.4432	0.3464	2.0746	0.0000	0.0000	2.0592	true	NONE	284	0.5180	0.4536	false	1.0224	1	220001
chr8	643001	645000	HET_DELETION	0	0.0000	0.0000	0.2000	0.3621	0.3441	0.2530	3.0278	0.0000	0.2530	0.0000	0.0000	0.6902	true	NONE	1	1.0000	0.5735	false	1.5241	643001	644001
chr8	645001	3838000	DIPLOID	1232	0.5385	1.0000	0.2000	1.0541	1.0018	1.0105	0.2000	0.2154	2.0105	0.0000	0.0000	2.0093	true	NONE	1018	0.5026	0.3999	false	1.0031	643001	649001
chr8	3838001	3840000	HET_DELETION	0	0.0000	0.0000	0.2000	0.5078	0.4863	0.6229	2.5598	0.0000	0.6229	0.0000	0.0000	0.9654	true	NONE	2	1.0000	0.2350	false	1.4131	3838001	3838001
chr8	3840001	4265000	DIPLOID	180	0.5476	1.0000	0.2000	1.0551	1.0027	1.0129	0.2000	0.2190	2.0129	0.0000	0.0000	2.0111	true	NONE	413	0.5032	0.3812	false	1.0039	3838001	3840001
chr8	4265001	4268000	HET_DELETION	1	0.5077	0.0000	0.2000	0.4652	0.4643	0.5149	2.7274	1.4862	0.5149	0.0000	0.0000	0.8720	true	NONE	2	1.0000	0.2930	false	1.4455	4265001	4265001
chr8	4268001	25209000	DIPLOID	7528	0.5405	1.0000	0.2000	1.0525	0.9988	1.0064	0.2000	0.2162	2.0064	0.0000	0.0000	2.0072	true	NONE	18146	0.5016	0.4111	false	1.0019	4265001	4268001
chr8	25209001	25210000	HOM_DELETION	0	0.0000	0.0000	0.2000	0.0782	0.0706	-0.4681	2.4998	0.0000	-0.4681	0.0000	0.0000	0.1515	true	NONE	1	1.0000	0.4720	false	1.7404	25209001	25209001
chr9	1	44000	UNKNOWN	0	0.0000	0.0000	0.2000	0.0000	0.0000	0.0000	1.5000	0.0000	0.0000	0.0000	0.0000	0.0000	true	TELOMERE	0	1.0000	0.0000	false	1.6000	1	1
chr9	44001	204000	UNKNOWN	8	0.5558	0.0000	0.2000	0.0000	0.0000	0.0000	1.5000	0.9449	0.0000	0.0000	0.0000	0.0000	true	NONE	0	1.0000	0.0000	false	1.6000	44001	44001
chr9	204001	1931000	DIPLOID	573	0.5362	0.9922	0.2000	1.0469	1.0187	1.0000	0.2000	0.2145	1.9922	0.0000	0.0000	1.9797	true	NONE	1606	0.5020	0.4099	false	1.0024	1	204001
chr9	1931001	1938000	HET_DELETION	0	0.0000	0.0000	0.2000	0.4022	0.4671	0.3548	2.9574	0.0000	0.3548	0.0000	0.0000	0.7101	true	NONE	1	1.0000	0.2520	false	1.4936	1931001	1937001
chr9	1938001	3039000	DIPLOID	426	0.5397	1.0000	0.2000	1.0581	1.0026	1.0206	0.2000	0.2159	2.0206	0.0000	0.0000	2.0188	true	NONE	1061	0.5051	0.4014	false	1.0062	1931001	1938001
chr9	3039001	3040000	HET_DELETION	0	0.0000	0.0000	0.2000	0.3043	0.3029	0.1062	2.5345	0.0000	0.1062	0.0000	0.0000	0.5709	true	NONE	1	1.0000	0.2480	false	1.5682	3039001	3039001
chr9	3040001	6251000	DIPLOID	755	0.5402	0.9976	0.2000	1.0490	0.9911	1.0000	0.2000	0.2161	1.9976	0.0000	0.0000	2.0035	true	NONE	2952	0.5006	0.3906	false	1.0007	3039001	3040001
chr9	6251001	6700000	DIPLOID	37	0.5556	0.8081	0.8693	1.0113	0.9799	1.0937	0.5393	0.7826	1.9018	0.0000	0.0000	1.9151	true	NONE	397	0.5751	0.4173	false	1.0857	6251001	6251001
chr9	6700001	6701000	HET_DELETION	0	0.0000	0.5256	0.9998	0.7245	0.6897	0.6477	2.5174	0.0000	1.1733	0.0000	0.0000	1.3802	true	NONE	1	0.5520	0.4840	false	1.2480	6700001	6700001
chr9	6701001	6711000	HET_DELETION	0	0.0000	0.0000	0.2000	0.4768	0.4859	0.5442	2.6830	0.0000	0.5442	0.0000	0.0000	0.8870	true	NONE	10	1.0000	0.4748	false	1.4367	6701001	6701001
chr10	1	48000	UNKNOWN	0	0.0000	0.0000	0.2000	0.0000	0.0000	0.0000	1.5000	0.0000	0.0000	0.0000	0.0000	0.0000	true	TELOMERE	0	1.0000	0.0000	false	1.6000	1	1
chr10	48001	77000	UNKNOWN	6	0.5586	0.0000	0.2000	0.0000	0.0000	0.0000	1.5000	0.9497	0.0000	0.0000	0.0000	0.0000	true	NONE	0	1.0000	0.0000	false	1.6000	48001	48001
chr10	77001	4666000	DIPLOID	1231	0.5375	1.0000	0.2000	1.0723	1.0054	1.0565	0.3437	0.2922	2.0565	0.0000	0.0000	2.0529	true	NONE	4325	0.5137	0.4302	false	1.0170	1	77001
chr10	4666001	4667000	HET_DELETION	0	0.0000	0.0000	0.2000	0.2129	0.2103	-0.1260	2.1788	0.0000	-0.1260	0.0000	0.0000	0.4005	true	NONE	1	1.0000	0.3030	false	1.6378	4666001	4666001
chr10	4667001	5370000	DIPLOID	483	0.5417	1.0000	0.2000	1.0584	1.0003	1.0213	0.2000	0.2167	2.0213	0.0000	0.0000	2.0211	true	NONE	566	0.5053	0.3954	false	1.0064	4666001	4668001
chr10	5370001	5371000	HET_DELETION	0	0.0000	0.0000	0.2000	0.3237	0.3536	0.1554	2.8250	0.0000	0.1554	0.0000	0.0000	0.5864	true	NONE	1	1.0000	0.4100	false	1.5534	5370001	5370001
chr10	5371001	5848000	DIPLOID	111	0.5429	1.0000	0.2000	1.0603	0.9885	1.0261	0.2000	0.2172	2.0261	0.0000	0.0000	2.0338	true	NONE	459	0.5065	0.4517	false	1.0078	5370001	5371001
chr10	5848001	5851000	HET_DELETION	0	0.0000	0.0000	0.2000	0.5306	0.4904	0.6810	2.4546	0.0000	0.6810	0.0000	0.0000	1.0207	true	NONE	3	1.0000	0.4750	false	1.3957	5848001	5848001
chr10	5851001	20556000	DIPLOID	3735	0.5397	0.9808	0.2000	1.0424	0.9989	1.0000	0.2000	0.2159	1.9808	0.0000	0.0000	1.9815	true	NONE	13998	0.5049	0.4091	false	1.0058	5848001	5851001
chr10	20556001	20568000	HET_DELETION	0	0.0000	0.0000	0.2000	0.5423	0.4745	0.7106	2.3887	0.0000	0.7106	0.0000	0.0000	1.0610	true	NONE	6	1.0000	0.4127	false	1.3868	20556001	20562001
chr11	1	198000	UNKNOWN	0	0.0000	0.0000	0.2000	0.0000	0.0000	0.0000	1.5000	0.0000	0.0000	0.0000	0.0000	0.0000	true	TELOMERE	0	1.0000	0.6270	false	1.6000	1	1
chr11	198001	200000	UNKNOWN	1	0.5361	0.0000	0.2000	0.0000	0.0000	0.0000	1.5000	0.9114	0.0000	0.0000	0.0000	0.0000	true	NONE	0	1.0000	0.6080	false	1.6000	198001	198001
chr11	200001	2511000	DIPLOID	313	0.5429	1.0000	0.2000	1.0681	0.9435	1.0460	0.2830	0.2622	2.0460	0.0000	0.0000	2.0837	true	NONE	851	0.5112	0.5619	false	1.0138	1	200001
chr11	2511001	3239000	DIPLOID	259	0.5362	1.0000	0.2000	1.0898	0.9881	1.1011	0.5739	0.4150	2.1011	0.0000	0.0000	2.1090	true	NONE	312	0.5241	0.5238	false	1.0303	2511001	2511001
chr11	3239001	5739000	DIPLOID	924	0.5394	0.9774	0.2000	1.0411	1.0102	1.0000	0.2000	0.2158	1.9774	0.0000	0.0000	1.9706	true	NONE	1861	0.5057	0.4037	false	1.0068	3239001	3239001
chr11	5739001	5741000	HET_DELETION	0	0.0000	0.0000	0.2000	0.4849	0.5307	0.5647	2.6517	0.0000	0.5647	0.0000	0.0000	0.8776	true	NONE	2	1.0000	0.4060	false	1.4306	5739001	5739001
chr11	5741001	9221000	DIPLOID	850	0.5375	1.0000	0.2000	1.0550	1.0010	1.0126	0.2000	0.2150	2.0126	0.0000	0.0000	2.0119	true	NONE	3031	0.5031	0.4221	false	1.0038	5739001	5741001
chr11	9221001	9611000	DIPLOID	16	0.5635	0.7590	0.9423	0.9853	0.9549	1.0768	0.4544	0.7871	1.8357	0.0000	0.0000	1.8658	true	NONE	362	0.5866	0.4340	false	1.0953	9221001	9221001
chr11	9611001	16565000	DIPLOID	1519	0.5385	1.0000	0.2000	1.0604	1.0047	1.0265	0.2000	0.2154	2.0265	0.0000	0.0000	2.0234	true	NONE	6508	0.5065	0.4120	false	1.0080	9611001	9611001
chr11	16565001	16566000	NOISE	0	0.0000	4.2450	0.9463	3.9027	3.8052	5.0000	0.2000	0.0000	9.2450	0.0000	0.0000	7.3748	true	NONE	1	0.5408	0.3420	false	2.8735	16565001	16565001
chr12	1	79000	UNKNOWN	0	0.0000	0.0000	0.2000	0.0000	0.0000	0.0000	1.5000	0.0000	0.0000	0.0000	0.0000	0.0000	true	TELOMERE	0	1.0000	0.0000	false	1.6000	1	1
chr12	79001	176000	UNKNOWN	70	0.5414	0.0000	0.2000	0.0000	0.0000	0.0000	1.5000	0.9205	0.0000	0.0000	0.0000	0.0000	true	NONE	0	1.0000	0.6145	false	1.6000	79001	79001
chr12	176001	1758000	DIPLOID	222	0.5420	0.9705	0.2000	1.0384	1.0123	1.0000	0.2000	0.2168	1.9705	0.0000	0.0000	1.9623	true	NONE	1473	0.5075	0.4276	false	1.0089	1	176001
chr12	1758001	2714000	DIPLOID	190	0.5349	1.0000	0.2000	1.0951	1.0153	1.1144	0.6325	0.4453	2.1144	0.0000	0.0000	2.1042	true	NONE	886	0.5271	0.4713	false	1.0343	1758001	1758001
chr12	2714001	5816000	DIPLOID	730	0.5403	1.0000	0.2000	1.0627	0.9968	1.0322	0.2000	0.2162	2.0322	0.0000	0.0000	2.0343	true	NONE	2923	0.5079	0.4494	false	1.0097	2714001	2714001
chr12	5816001	5902000	DIPLOID	24	0.5354	1.0000	0.2000	1.0590	0.9878	1.0228	0.2000	0.2142	2.0228	0.0000	0.0000	2.0310	true	NONE	83	0.5056	0.4434	false	1.0068	5816001	5816001
chr12	5902001	5903000	HET_DELETION	0	0.0000	0.0000	0.2000	0.3973	0.4223	0.3423	2.9724	0.0000	0.3423	0.0000	0.0000	0.7275	true	NONE	1	1.0000	0.5280	false	1.4973	5902001	5902001
chr12	5903001	7670000	DIPLOID	203	0.5385	0.9853	0.2000	1.0442	0.9798	1.0000	0.2000	0.2154	1.9853	0.0000	0.0000	1.9987	true	NONE	1549	0.5037	0.4645	false	1.0044	5902001	5903001
chr12	7670001	7671000	HET_DELETION	0	0.0000	0.0000	0.2000	0.3884	0.3896	0.3197	2.9968	0.0000	0.3197	0.0000	0.0000	0.7267	true	NONE	1	1.0000	0.4470	false	1.5041	7670001	7670001
chr12	7671001	7987000	DIPLOID	72	0.5455	0.8350	0.8062	0.9850	0.9714	1.0000	0.2000	0.5489	1.8350	0.0000	0.0000	1.8540	true	NONE	254	0.5450	0.4525	false	1.0495	7670001	7672001
chr13	1	17025623	UNKNOWN	0	0.0000	0.0000	0.2000	0.0000	0.0000	0.0000	1.5000	0.0000	0.0000	0.0000	0.0000	0.0000	true	TELOMERE	0	1.0000	0.0000	false	1.6000	1	1
chr13	17025624	18232000	UNKNOWN	0	0.0000	0.0000	0.2000	0.0000	0.0000	0.0000	1.5000	0.0000	0.0000	0.0000	0.0000	0.0000	true	CENTROMERE	0	1.0000	0.0000	false	1.6000	17025624	17025624
chr13	18232001	18674000	AMPLIFICATION	0	0.0000	1.0467	0.2871	1.1825	1.2063	1.2898	0.9775	0.0000	2.3365	0.0000	0.0000	2.1990	true	NONE	1	0.5520	0.6544	false	1.1010	1	18232001
chr13	18674001	21242000	DIPLOID	337	0.5410	0.9674	0.2024	1.0372	0.9957	1.0000	0.2000	0.2177	1.9674	0.0000	0.0000	1.9703	true	NONE	1942	0.5083	0.4274	false	1.0098	17025624	18674001
chr13	21242001	21243000	NOISE	0	0.0000	3.0000	0.2000	2.7551	2.7828	3.3304	0.9907	0.0000	6.3304	0.0000	0.0000	5.1419	true	NONE	1	0.5261	0.4510	false	1.9991	21242001	21242001
chr13	21243001	23059000	DIPLOID	429	0.5373	0.9961	0.2000	1.0485	0.9965	1.0000	0.2000	0.2149	1.9961	0.0000	0.0000	1.9985	true	NONE	1633	0.5010	0.4025	false	1.0012	21242001	21243001
chr13	23059001	23061000	HET_DELETION	0	0.0000	0.0000	0.2000	0.5446	0.4132	0.7164	2.3742	0.0000	0.7164	0.0000	0.0000	1.1077	true	NONE	2	1.0000	0.2445	false	1.3851	23059001	23059001
chr13	23061001	24189000	DIPLOID	389	0.5375	1.0000	0.2000	1.0603	1.0106	1.0262	0.2000	0.2150	2.0262	0.0000	0.0000	2.0191	true	NONE	1066	0.5065	0.4136	false	1.0079	23059001	23061001
chr13	24189001	24191000	HET_DELETION	0	0.0000	0.0000	0.2000	0.5021	0.4152	0.6085	2.5831	0.0000	0.6085	0.0000	0.0000	0.9984	true	NONE	2	1.0000	0.2660	false	1.4174	24189001	24189001
chr13	24191001	26476000	DIPLOID	609	0.5405	1.0000	0.2000	1.0515	1.0028	1.0038	0.2000	0.2162	2.0038	0.0000	0.0000	2.0019	true	NONE	1817	0.5009	0.4173	false	1.0011	24189001	24191001
chr14	1	16092000	UNKNOWN	0	0.0000	0.0000	0.2000	0.0000	0.0000	0.0000	1.5000	0.0000	0.0000	0.0000	0.0000	0.0000	true	TELOMERE	0	1.0000	0.0000	false	1.6000	1	1
chr14	16092001	16093000	AMPLIFICATION	0	0.0000	1.4559	0.9997	1.5421	1.5630	1.7939	0.8954	0.0000	3.2498	0.0000	0.0000	2.8744	true	NONE	1	0.5520	0.2170	false	1.3749	1	16092001
chr14	16093001	16094000	AMPLIFICATION	0	0.0000	1.3593	0.9953	1.4572	1.4336	1.6749	0.9895	0.0000	3.0342	0.0000	0.0000	2.7451	true	NONE	1	0.5520	0.2050	false	1.3102	16093001	16093001
chr14	16094001	16096000	AMPLIFICATION	0	0.0000	1.6330	0.9961	1.6930	1.7548	2.0000	0.2000	0.0000	3.6330	0.0000	0.0000	3.1298	true	NONE	2	0.5505	0.2110	false	1.4101	16094001	16094001
chr14	16096001	17086761	UNKNOWN	0	0.0000	0.0000	0.2000	0.0000	0.0000	0.0000	1.5000	0.0000	0.0000	0.0000	0.0000	0.0000	true	NONE	0	1.0000	0.0000	false	1.6000	16096001	18488001
chr14	17086762	18491000	HET_DELETION	0	0.0000	0.0000	0.2000	0.5179	0.5074	0.6486	2.5157	0.0000	0.6486	0.0000	0.0000	0.9771	true	CENTROMERE	3	1.0000	0.4560	false	1.4054	17086762	17086762
chr14	18491001	18695000	DIPLOID	9	0.5692	0.7893	0.9030	1.0260	1.0812	1.1499	0.7622	0.9478	1.9392	0.0000	0.0000	1.8850	true	NONE	9	0.5930	0.4268	false	1.1082	17086762	18660001
chr14	18695001	19938000	AMPLIFICATION	2	0.5553	0.7115	0.9769	0.9251	2.0052	0.9714	0.3995	0.7643	1.6829	0.0000	0.0000	1.0128	true	NONE	107	0.5772	0.3624	false	1.0951	18695001	18695001
chr14	19938001	19956000	AMPLIFICATION	0	0.0000	0.7830	0.9125	0.9507	2.0884	0.9648	0.4889	0.0000	1.7479	0.0000	0.0000	1.0223	true	NONE	11	0.5520	0.3444	false	1.0756	19938001	19938001
chr14	19956001	19957000	AMPLIFICATION	0	0.0000	0.5441	0.9997	0.7407	1.5244	0.6704	2.4755	0.0000	1.2145	0.0000	0.0000	0.8649	true	NONE	1	0.5520	0.3590	false	1.2357	19956001	19956001
chr15	1	17011000	UNKNOWN	0	0.0000	0.0000	0.2000	0.0000	0.0000	0.0000	1.5000	0.0000	0.0000	0.0000	0.0000	0.0000	true	TELOMERE	0	1.0000	0.0000	false	1.6000	1	1
chr15	17011001	17083000	NOISE	0	0.0000	3.8652	0.7115	3.3594	3.8684	4.0000	0.2000	0.0000	7.8652	0.0000	0.0000	5.9529	true	NONE	7	0.5086	0.4009	false	2.4596	1	17011001
chr15	17083001	18362626	UNKNOWN	0	0.0000	0.0000	0.2000	0.0000	0.0000	0.0000	1.5000	0.0000	0.0000	0.0000	0.0000	0.0000	true	NONE	0	1.0000	0.0000	false	1.6000	17083001	19788001
chr15	18362627	19815000	DIPLOID	0	0.0000	0.8565	0.7414	0.9935	1.0959	1.0000	0.2000	0.0000	1.8565	0.0000	0.0000	1.7926	true	CENTROMERE	9	0.5386	0.3678	false	1.0430	18362627	18362627
chr15	19815001	19993000	DIPLOID	11	0.5139	1.0000	0.2000	1.1190	1.0542	1.1753	0.8326	0.5306	2.1753	0.0000	0.0000	2.1392	true	NONE	19	0.5403	0.4114	false	1.0526	19815001	19815001
chr15	19993001	20673000	NOISE	6	0.5720	6.0359	0.2223	5.8602	5.3718	8.1805	0.8448	0.6104	14.2163	0.0000	0.0000	11.3018	true	NONE	66	0.5754	0.4069	false	4.3649	19993001	20272001
chr15	20673001	22301000	NOISE	8	0.5757	3.4735	0.9998	3.5328	3.2965	4.8319	0.8144	1.0444	8.3054	0.0000	0.0000	6.7744	true	NONE	28	0.5818	0.4806	false	2.5916	20673001	22221001
chr15	22301001	25973000	DIPLOID	901	0.5412	1.0000	0.2000	1.0566	0.9926	1.0169	0.2000	0.2165	2.0169	0.0000	0.0000	2.0218	true	NONE	2146	0.5042	0.4176	false	1.0051	19993001	22655001
chr15	25973001	25974000	HET_DELETION	0	0.0000	0.0000	0.2000	0.1891	0.1660	-0.1864	2.3579	0.0000	-0.1864	0.0000	0.0000	0.3696	true	NONE	1	1.0000	0.4800	false	1.6559	25973001	25973001
chr15	25974001	35079000	DIPLOID	1596	0.5417	1.0000	0.2000	1.0541	0.9938	1.0103	0.2000	0.2167	2.0103	0.0000	0.0000	2.0144	true	NONE	3816	0.5026	0.4109	false	1.0031	25973001	25974001
chr16	1	34000	UNKNOWN	0	0.0000	0.0000	0.2000	0.0000	0.0000	0.0000	1.5000	0.0000	0.0000	0.0000	0.0000	0.0000	true	TELOMERE	0	1.0000	0.0000	false	1.6000	1	1
chr16	34001	2611000	DIPLOID	420	0.5385	1.0000	0.2000	1.0672	0.9717	1.0437	0.2690	0.2526	2.0437	0.0000	0.0000	2.0625	true	NONE	1233	0.5107	0.5739	false	1.0131	1	34001
chr16	2611001	2650000	HET_DELETION	0	0.0000	0.0000	0.2000	0.5108	0.5094	0.6305	2.5471	0.0000	0.6305	0.0000	0.0000	0.9575	true	NONE	2	1.0000	0.4650	false	1.4109	2611001	2648001
chr16	2650001	5530000	DIPLOID	652	0.5397	0.9846	0.2000	1.0439	0.9803	1.0000	0.2000	0.2159	1.9846	0.0000	0.0000	1.9977	true	NONE	2181	0.5039	0.4987	false	1.0046	2611001	2656001
chr16	5530001	5531000	NOISE	0	0.0000	4.0000	0.2000	3.5769	3.8299	4.4175	0.9990	0.0000	8.4175	0.0000	0.0000	6.5309	true	NONE	1	0.5248	0.4610	false	2.6253	5530001	5530001
chr16	5531001	9153000	DIPLOID	1187	0.5412	0.9836	0.2000	1.0435	1.0117	1.0000	0.2000	0.2165	1.9836	0.0000	0.0000	1.9758	true	NONE	3525	0.5041	0.4266	false	1.0049	5530001	5531001
chr16	9153001	9154000	HET_DELETION	0	0.0000	0.0000	0.2000	0.2431	0.1977	-0.0493	1.8020	0.0000	-0.0493	0.0000	0.0000	0.4856	true	NONE	1	1.0000	0.3800	false	1.6148	9153001	9153001
chr16	9154001	10320000	DIPLOID	471	0.5417	0.9976	0.2000	1.0491	0.9987	1.0000	0.2000	0.2167	1.9976	0.0000	0.0000	1.9985	true	NONE	1108	0.5006	0.4317	false	1.0007	9153001	9154001
chr16	10320001	10322000	HET_DELETION	0	0.0000	0.0000	0.2000	0.3513	0.3251	0.2257	3.0104	0.0000	0.2257	0.0000	0.0000	0.6756	true	NONE	2	1.0000	0.2670	false	1.5323	10320001	10320001
chr16	10322001	13200000	DIPLOID	1035	0.5422	0.9806	0.2000	1.0424	0.9920	1.0000	0.2000	0.2169	1.9806	0.0000	0.0000	1.9859	true	NONE	2736	0.5049	0.4662	false	1.0058	10320001	10322001
chr17	1	179000	UNKNOWN	0	0.0000	0.0000	0.2000	0.0000	0.0000	0.0000	1.5000	0.0000	0.0000	0.0000	0.0000	0.0000	true	TELOMERE	0	1.0000	0.0000	false	1.6000	1	1
chr17	179001	405000	UNKNOWN	90	0.5503	0.0000	0.2000	0.0000	0.0000	0.0000	1.5000	0.9355	0.0000	0.0000	0.0000	0.0000	true	NONE	0	1.0000	0.0000	false	1.6000	179001	179001
chr17	405001	2817000	DIPLOID	718	0.5396	0.9234	0.4535	1.0199	0.9902	1.0000	0.2000	0.3526	1.9234	0.0000	0.0000	1.9300	true	NONE	1545	0.5199	0.4903	false	1.0230	1	405001
chr17	2817001	2818000	HET_DELETION	0	0.0000	0.0000	0.2000	0.1141	0.1012	-0.3769	2.4970	0.0000	-0.3769	0.0000	0.0000	0.2223	true	NONE	1	1.0000	0.4880	false	1.7131	2817001	2817001
chr17	2818001	7361000	DIPLOID	1610	0.5398	0.9542	0.2819	1.0319	0.9977	1.0000	0.2000	0.2601	1.9542	0.0000	0.0000	1.9557	true	NONE	3971	0.5117	0.4771	false	1.0138	2817001	2818001
chr17	7361001	7363000	HET_DELETION	0	0.0000	0.0000	0.2000	0.2364	0.2659	-0.0663	1.8983	0.0000	-0.0663	0.0000	0.0000	0.4231	true	NONE	2	1.0000	0.5125	false	1.6199	7361001	7361001
chr17	7363001	7884000	DIPLOID	53	0.5417	0.9369	0.3808	1.0251	0.9577	1.0000	0.2000	0.3146	1.9369	0.0000	0.0000	1.9651	true	NONE	452	0.5163	0.5112	false	1.0189	7361001	7363001
chr17	7884001	7885000	HET_DELETION	0	0.0000	0.0000	0.2000	0.3804	0.2492	0.2994	3.0141	0.0000	0.2994	0.0000	0.0000	0.8000	true	NONE	1	1.0000	0.5350	false	1.5102	7884001	7884001
chr17	7885001	9428000	DIPLOID	466	0.5402	0.9574	0.2629	1.0332	0.9856	1.0000	0.2000	0.2500	1.9574	0.0000	0.0000	1.9670	true	NONE	1429	0.5109	0.4738	false	1.0128	7884001	7885001
chr17	9428001	9430000	HET_DELETION	0	0.0000	0.0000	0.2000	0.3478	0.2939	0.2166	2.9990	0.0000	0.2166	0.0000	0.0000	0.6874	true	NONE	1	1.0000	0.2560	false	1.5350	9428001	9429001
chr18	1	63000	UNKNOWN	0	0.0000	0.0000	0.2000	0.0000	0.0000	0.0000	1.5000	0.0000	0.0000	0.0000	0.0000	0.0000	true	TELOMERE	0	1.0000	0.0000	false	1.6000	1	1
chr18	63001	275000	DIPLOID	0	0.0000	0.9507	0.3021	1.0306	1.0049	1.0000	0.2000	0.0000	1.9507	0.0000	0.0000	1.9475	true	NONE	144	0.5126	0.3913	false	1.0148	1	63001
chr18	275001	3851000	DIPLOID	877	0.5395	0.9825	0.2000	1.0431	1.0087	1.0000	0.2000	0.2158	1.9825	0.0000	0.0000	1.9767	true	NONE	3391	0.5044	0.3970	false	1.0053	275001	275001
chr18	3851001	12332000	DIPLOID	2100	0.5417	1.0000	0.2000	1.0586	0.9986	1.0217	0.2000	0.2167	2.0217	0.0000	0.0000	2.0227	true	NONE	7871	0.5054	0.4105	false	1.0065	3851001	3851001
chr18	12332001	12334000	HET_DELETION	0	0.0000	0.0000	0.2000	0.5866	0.5292	0.8230	1.9389	0.0000	0.8230	0.0000	0.0000	1.1369	true	NONE	2	1.0000	0.3255	false	1.3531	12332001	12332001
chr18	12334001	12896000	DIPLOID	18	0.5369	0.9386	0.3712	1.0258	0.9774	1.0000	0.2000	0.3066	1.9386	0.0000	0.0000	1.9537	true	NONE	532	0.5158	0.4261	false	1.0184	12332001	12334001
chr18	12896001	15194000	DIPLOID	441	0.5354	1.0000	0.2000	1.0712	1.0121	1.0539	0.3290	0.2832	2.0539	0.0000	0.0000	2.0458	true	NONE	1237	0.5131	0.4337	false	1.0162	12896001	12897001
chr18	15194001	18161052	UNKNOWN	2	0.5374	0.0000	0.2000	0.0000	0.0000	0.0000	1.5000	0.9137	0.0000	0.0000	0.0000	0.0000	true	NONE	0	1.0000	0.0000	false	1.6000	15194001	20933001
chr18	18161053	20958000	DIPLOID	0	0.0000	0.8690	0.6979	0.9984	1.1002	1.0000	0.2000	0.0000	1.8690	0.0000	0.0000	1.8021	true	CENTROMERE	2	0.5351	0.3800	false	1.0393	18161053	18161053
chr18	20958001	21736000	DIPLOID	25	0.5500	0.9271	0.4342	1.0213	0.9989	1.0000	0.2000	0.3488	1.9271	0.0000	0.0000	1.9278	true	NONE	751	0.5189	0.4031	false	1.0219	20958001	20958001
chr19	1	260000	UNKNOWN	0	0.0000	0.0000	0.2000	0.0000	0.0000	0.0000	1.5000	0.0000	0.0000	0.0000	0.0000	0.0000	true	TELOMERE	0	1.0000	0.0000	false	1.6000	1	1
chr19	260001	267000	DIPLOID	0	0.0000	1.0000	0.2000	1.0930	1.1104	1.1092	0.6100	0.0000	2.1092	0.0000	0.0000	2.0356	true	NONE	6	0.5259	0.4045	false	1.0327	1	260001
chr19	267001	564000	DIPLOID	35	0.5405	0.9467	0.3256	1.0290	1.0494	1.0000	0.2000	0.2841	1.9467	0.0000	0.0000	1.9137	true	NONE	168	0.5137	0.5665	false	1.0160	267001	267001
chr19	564001	570000	HET_DELETION	1	0.5714	0.0000	0.2000	0.4194	0.4402	0.3986	2.8988	1.7706	0.3986	0.0000	0.0000	0.7717	true	NONE	3	1.0000	0.5187	false	1.4804	564001	567001
chr19	570001	2909000	DIPLOID	466	0.5381	0.9293	0.4221	1.0222	0.9768	1.0000	0.2000	0.3347	1.9293	0.0000	0.0000	1.9448	true	NONE	1371	0.5183	0.5750	false	1.0212	564001	571001
chr19	2909001	2911000	HET_DELETION	2	0.5433	0.0000	0.2000	0.3588	0.3243	0.2444	3.0249	1.7521	0.2444	0.0000	0.0000	0.6949	true	NONE	2	1.0000	0.4380	false	1.5267	2909001	2909001
chr19	2911001	5510000	DIPLOID	634	0.5403	0.8900	0.6135	1.0067	0.9870	1.0000	0.2000	0.4396	1.8900	0.0000	0.0000	1.8987	true	NONE	2030	0.5291	0.5449	false	1.0330	2909001	2911001
chr19	5510001	5511000	HET_DELETION	0	0.0000	0.0000	0.2000	0.2636	0.2753	0.0028	1.5309	0.0000	0.0028	0.0000	0.0000	0.4859	true	NONE	1	1.0000	0.5120	false	1.5992	5510001	5510001
chr19	5511001	11657000	DIPLOID	1294	0.5403	0.8862	0.6297	1.0052	0.9940	1.0000	0.2000	0.4483	1.8862	0.0000	0.0000	1.8902	true	NONE	5335	0.5302	0.5009	false	1.0341	5510001	5511001
chr19	11657001	12584000	DIPLOID	118	0.5430	0.9433	0.3447	1.0277	1.0319	1.0000	0.2000	0.2957	1.9433	0.0000	0.0000	1.9220	true	NONE	802	0.5146	0.4409	false	1.0170	11657001	11657001
chr20	1	60000	UNKNOWN	0	0.0000	0.0000	0.2000	0.0000	0.0000	0.0000	1.5000	0.0000	0.0000	0.0000	0.0000	0.0000	true	TELOMERE	0	1.0000	0.0000	false	1.6000	1	1
chr20	60001	67000	NOISE	0	0.0000	3.7895	0.9026	3.3296	3.9314	4.0000	0.2000	0.0000	7.7895	0.0000	0.0000	5.8352	true	NONE	6	0.5135	0.4769	false	2.4369	1	60001
chr20	67001	106000	DIPLOID	0	0.0000	0.9627	0.2308	1.0353	1.0678	1.0000	0.2000	0.0000	1.9627	0.0000	0.0000	1.9175	true	NONE	38	0.5095	0.3779	false	1.0112	1	67001
chr20	106001	1580000	DIPLOID	414	0.5385	1.0000	0.2000	1.0549	1.0161	1.0125	0.2000	0.2154	2.0125	0.0000	0.0000	2.0018	true	NONE	1379	0.5031	0.4575	false	1.0038	106001	106001
chr20	1580001	1613000	HOM_DELETION	0	0.0000	0.0000	0.2000	0.0061	0.0079	-0.6512	2.5000	0.0000	-0.6512	0.0000	0.0000	0.0102	true	NONE	1	1.0000	0.4271	false	1.7954	1580001	1612001
chr20	1613001	5487000	DIPLOID	1227	0.5393	0.9828	0.2000	1.0432	0.9838	1.0000	0.2000	0.2157	1.9828	0.0000	0.0000	1.9936	true	NONE	3600	0.5043	0.4527	false	1.0052	1580001	1615001
chr20	5487001	5490000	HET_DELETION	0	0.0000	0.0000	0.2000	0.6083	0.6258	0.8781	1.5083	0.0000	0.8781	0.0000	0.0000	1.1276	true	NONE	3	1.0000	0.4183	false	1.3366	5487001	5487001
chr20	5490001	5800000	DIPLOID	95	0.5455	0.8831	0.6425	1.0040	0.9713	1.0000	0.2000	0.4596	1.8831	0.0000	0.0000	1.9023	true	NONE	289	0.5310	0.4376	false	1.0351	5487001	5490001
chr20	5800001	5927000	DIPLOID	8	0.5472	1.0000	0.2000	1.0507	0.9890	1.0018	0.2000	0.2189	2.0018	0.0000	0.0000	2.0091	true	NONE	125	0.5005	0.4238	false	1.0005	5800001	5800001
chr20	5927001	7418000	DIPLOID	472	0.5438	1.0000	0.2000	1.0506	1.0128	1.0014	0.2000	0.2175	2.0014	0.0000	0.0000	1.9929	true	NONE	1427	0.5004	0.3881	false	1.0004	5927001	5927001
chr21	1	7258000	UNKNOWN	0	0.0000	0.0000	0.2000	0.0000	0.0000	0.0000	1.5000	0.0000	0.0000	0.0000	0.0000	0.0000	true	TELOMERE	0	1.0000	0.0000	false	1.6000	1	1
chr21	7258001	7259000	NOISE	0	0.0000	13.8866	0.6281	11.6366	13.3648	15.0000	0.2000	0.0000	28.8866	0.0000	0.0000	20.6434	true	NONE	1	0.5193	0.4590	false	8.7660	1	7258001
chr21	7259001	7917000	NOISE	0	0.0000	5.6249	0.9969	4.8398	5.4222	6.0000	0.2000	0.0000	11.6249	0.0000	0.0000	8.6768	true	NONE	1	0.5161	0.3820	false	3.5875	7259001	7916001
chr21	7917001	9013000	NOISE	0	0.0000	4.7770	0.9209	4.1122	4.2491	5.0000	0.2000	0.0000	9.7770	0.0000	0.0000	7.6109	true	NONE	29	0.5114	0.4049	false	3.0331	7917001	7917001
chr21	9013001	10273000	NOISE	3	0.6167	2.5550	0.9995	2.9671	2.7580	4.3138	0.9865	1.2248	6.8688	0.0000	0.0000	5.6968	true	NONE	11	0.6280	0.4224	false	2.1606	9013001	9013001
chr21	10273001	10459000	NOISE	0	0.0000	8.1444	0.7445	7.0131	7.1041	9.0000	0.2000	0.0000	17.1444	0.0000	0.0000	13.0750	true	NONE	4	0.5250	0.3494	false	5.2433	10273001	10415001
chr21	10459001	10703000	NOISE	0	0.0000	2.8738	0.6798	2.5753	2.7448	3.0000	0.2000	0.0000	5.8738	0.0000	0.0000	4.7106	true	NONE	54	0.5107	0.4051	false	1.8621	10459001	10520001
chr21	10703001	11890183	NOISE	0	0.0000	3.8638	0.7164	3.3589	3.6852	4.0000	0.2000	0.0000	7.8638	0.0000	0.0000	6.0737	true	NONE	42	0.5087	0.4230	false	2.4591	10703001	10703001
chr21	11890184	12978000	NOISE	0	0.0000	2.4413	0.9995	2.4050	2.4034	3.0000	0.2000	0.0000	5.4413	0.0000	0.0000	4.5057	true	CENTROMERE	1	0.5513	0.3720	false	1.7324	11890184	11890184
chr21	12978001	14088000	DIPLOID	118	0.5449	1.0000	0.2000	1.0932	1.0090	1.1097	0.6123	0.4426	2.1097	0.0000	0.0000	2.1037	true	NONE	37	0.5260	0.4712	false	1.0329	11890184	13827001
chr22	1	10717000	UNKNOWN	0	0.0000	0.0000	0.2000	0.0000	0.0000	0.0000	1.5000	0.0000	0.0000	0.0000	0.0000	0.0000	true	TELOMERE	0	1.0000	0.6480	false	1.6000	1	1
chr22	10717001	10718000	NOISE	0	0.0000	6.3773	0.9970	5.5298	5.9456	7.0000	0.2000	0.0000	13.3773	0.0000	0.0000	10.0802	true	NONE	1	0.5233	0.4150	false	4.1132	1	10717001
chr22	10718001	10723000	NOISE	0	0.0000	6.0000	0.2000	5.0797	5.7667	6.2342	0.9348	0.0000	12.2342	0.0000	0.0000	9.0564	true	NONE	1	0.5096	0.4080	false	3.7702	10718001	10722001
chr22	10723001	10783000	NOISE	0	0.0000	5.0646	0.3889	4.6192	4.9991	6.0000	0.2000	0.0000	11.0646	0.0000	0.0000	8.3985	true	NONE	9	0.5423	0.4250	false	3.4194	10723001	10727001
chr22	10783001	12693000	AMPLIFICATION	0	0.0000	1.5651	0.9994	1.6381	1.9315	1.9285	0.4269	0.0000	3.4935	0.0000	0.0000	2.8725	true	NONE	16	0.5520	0.4358	false	1.4481	10783001	11211001
chr22	12693001	14004552	UNKNOWN	0	0.0000	0.0000	0.2000	0.0000	0.0000	0.0000	1.5000	0.0000	0.0000	0.0000	0.0000	0.0000	true	NONE	0	1.0000	0.6730	false	1.6000	12693001	15934001
chr22	14004553	16045000	DIPLOID	2	0.9445	0.0000	0.2000	0.6345	1.0761	0.9447	0.7564	0.9033	0.9447	0.0000	0.0000	0.8940	true	CENTROMERE	19	1.0000	0.3825	false	1.3166	14004553	14004553
chr22	16045001	16057000	NOISE	0	0.0000	2.1771	0.8369	2.1760	2.7638	2.6826	0.9876	0.0000	4.8597	0.0000	0.0000	3.6838	true	NONE	1	0.5520	0.3720	false	1.5579	16045001	16056001
chr22	16057001	17289000	DIPLOID	128	0.7890	0.0203	0.2000	0.6599	1.0276	0.9889	0.2000	0.3156	1.0092	0.0000	0.0000	0.9908	true	NONE	431	0.9799	0.4572	false	1.2972	16045001	16183001
chr22	17289001	17293000	HET_DELETION	0	0.0000	0.0000	0.2000	0.2099	0.5653	-0.1337	2.2077	0.0000	-0.1337	0.0000	0.0000	0.1561	true	NONE	4	1.0000	0.4853	false	1.6401	17289001	17289001
chrX	1	405000	UNKNOWN	0	0.0000	0.0000	0.2000	0.0000	0.0000	0.0000	1.5000	0.0000	0.0000	0.0000	0.0000	0.0000	true	TELOMERE	0	1.0000	0.0000	false	1.6000	1	1
chrX	405001	406000	UNKNOWN	0	0.0000	0.0000	0.2000	0.0000	0.0000	0.0000	1.5000	0.0000	0.0000	0.0000	0.0000	0.0000	true	NONE	0	1.0000	0.0000	false	1.6000	405001	405001
chrX	406001	431000	UNKNOWN	0	0.0000	0.0000	0.2000	0.0000	0.0000	0.0000	1.5000	0.0000	0.0000	0.0000	0.0000	0.0000	true	NONE	0	1.0000	0.0000	false	1.6000	406001	406001
chrX	431001	432000	UNKNOWN	0	0.0000	0.0000	0.2000	0.0000	0.0000	0.0000	1.5000	0.0000	0.0000	0.0000	0.0000	0.0000	true	NONE	0	1.0000	0.0000	false	1.6000	431001	431001
chrX	432001	2782000	UNKNOWN	0	0.0000	0.0000	0.2000	0.0000	0.0000	0.0000	1.5000	0.0000	0.0000	0.0000	0.0000	0.0000	true	NONE	0	1.0000	0.0000	false	1.6000	432001	432001
chrX	2782001	5137000	DIPLOID	0	0.0000	0.0000	0.2000	0.5158	0.4935	0.9766	0.3274	0.0000	0.9766	0.0000	0.0000	0.9810	true	NONE	2027	1.0000	0.3986	false	1.3070	1	2782001
chrX	5137001	5138000	HET_DELETION	0	0.0000	0.0000	0.2000	0.1173	0.1466	-0.0354	1.7198	0.0000	-0.0354	0.0000	0.0000	0.2002	true	NONE	1	1.0000	0.3340	false	1.6106	5137001	5137001
chrX	5138001	8818000	DIPLOID	0	0.0000	0.0000	0.2000	0.5239	0.5011	0.9972	0.2000	0.0000	0.9972	0.0000	0.0000	0.9965	true	NONE	3408	1.0000	0.3907	false	1.3008	5137001	5139001
chrX	8818001	8819000	HET_DELETION	0	0.0000	0.0000	0.2000	0.1484	0.2281	0.0436	1.9715	0.0000	0.0436	0.0000	0.0000	0.2248	true	NONE	1	1.0000	0.4100	false	1.5869	8818001	8818001
chrX	8819001	8821000	HET_DELETION	0	0.0000	0.0000	0.2000	0.1143	0.0642	-0.0430	1.7654	0.0000	-0.0430	0.0000	0.0000	0.2475	true	NONE	1	1.0000	0.3375	false	1.6129	8819001	8819001
chrY	1	2782000	UNKNOWN	0	0.0000	0.0000	0.2000	0.0000	0.0000	0.0000	1.5000	0.0000	0.0000	0.0000	0.0000	0.0000	true	TELOMERE	0	1.0000	0.0000	false	1.6000	1	1
chrY	2782001	10430491	DIPLOID	0	0.0000	0.0000	0.2000	0.5288	0.5080	1.0097	0.2000	0.0000	1.0097	0.0000	0.0000	1.0044	true	NONE	2667	1.0000	0.4081	false	1.3029	1	2782001
chrY	10430492	10627000	AMPLIFICATION	0	0.0000	0.0000	0.2000	0.5926	0.6447	1.1716	0.8234	0.0000	1.1716	0.0000	0.0000	1.0751	true	CENTROMERE	5	1.0000	0.3836	false	1.3515	10430492	10430492
chrY	10627001	10777000	NOISE	0	0.0000	0.0000	0.2000	1.4440	1.6778	3.3339	0.9914	0.0000	3.3339	0.0000	0.0000	2.5487	true	NONE	46	1.0000	0.4505	false	2.0002	10627001	10652001
chrY	10777001	10807000	NOISE	0	0.0000	0.0000	0.2000	1.1473	1.3198	2.5804	0.9990	0.0000	2.5804	0.0000	0.0000	2.0338	true	NONE	30	1.0000	0.4481	false	1.7741	10777001	10777001
chrY	10807001	10809000	NOISE	0	0.0000	0.0000	0.2000	2.9737	3.6680	7.2188	0.9151	0.0000	7.2188	0.0000	0.0000	5.1068	true	NONE	2	1.0000	0.4505	false	3.1656	10807001	10807001
chrY	10809001	10887000	NOISE	0	0.0000	0.0000	0.2000	0.9695	1.1316	2.1289	0.6899	0.0000	2.1289	0.0000	0.0000	1.7078	true	NONE	70	1.0000	0.4467	false	1.6387	10809001	10811001
chrY	10887001	10900000	NOISE	0	0.0000	0.0000	0.2000	1.4366	1.6970	3.3152	0.9870	0.0000	3.3152	0.0000	0.0000	2.5172	true	NONE	8	1.0000	0.4485	false	1.9946	10887001	10887001
chrY	10900001	10902000	AMPLIFICATION	0	0.0000	0.0000	0.2000	0.8605	1.0058	1.8519	0.7564	0.0000	1.8519	0.0000	0.0000	1.5147	true	NONE	2	1.0000	0.4630	false	1.5556	10900001	10900001
chrY	10902001	10921000	AMPLIFICATION	0	0.0000	0.0000	0.2000	0.6539	0.6941	1.3274	0.9901	0.0000	1.3274	0.0000	0.0000	1.1979	true	NONE	18	1.0000	0.4666	false	1.3982	10902001	10902001
