chromosome	start	end	copyNumber	bafCount	observedBAF	baf	segmentStartSupport	segmentEndSupport	method	depthWindowCount	gcContent	minStart	maxStart	minorAllelePloidy	majorAllelePloidy
chr1	7510001	7511000	-0.0049	0	0.0000	0.9821	NONE	UNKNOWN	GERMLINE_HET2HOM_DELETION	1	0.5160	7510001	7510001	0.0000	-0.0049
chr1	14110001	14113000	0.4163	0	0.0000	0.9821	NONE	UNKNOWN	GERMLINE_HET2HOM_DELETION	3	0.4733	14110001	14110001	0.0075	0.4088
chr1	15825001	15829000	0.3501	0	0.0000	0.9821	NONE	UNKNOWN	GERMLINE_HET2HOM_DELETION	2	0.4855	15825001	15825001	0.0063	0.3439
chr1	58278001	58279000	0.3381	0	0.0000	0.9821	NONE	UNKNOWN	GERMLINE_HET2HOM_DELETION	1	0.4440	58278001	58278001	0.0061	0.3320
chr1	61617001	61618000	0.1455	0	0.0000	0.9821	NONE	UNKNOWN	GERMLINE_HET2HOM_DELETION	1	0.3930	61617001	61617001	0.0026	0.1429
chr1	79756001	79757000	0.0277	0	0.0000	0.9821	NONE	UNKNOWN	GERMLINE_HOM_DELETION	1	0.3480	79756001	79756001	0.0005	0.0272
chr1	85935001	85939000	0.1727	0	0.0000	0.9821	NONE	UNKNOWN	GERMLINE_HET2HOM_DELETION	4	0.4108	85935001	85935001	0.0031	0.1696
chr1	89010001	89013000	0.0799	0	0.0000	0.9821	NONE	UNKNOWN	GERMLINE_HET2HOM_DELETION	3	0.4200	89010001	89010001	0.0014	0.0785
chr1	105473001	105481000	0.1203	0	0.0000	0.9821	NONE	UNKNOWN	GERMLINE_HET2HOM_DELETION	8	0.3716	105473001	105473001	0.0022	0.1181
chr1	110834001	110845000	0.0083	0	0.0000	0.9821	NONE	UNKNOWN	GERMLINE_HET2HOM_DELETION	9	0.3252	110834001	110836001	0.0001	0.0082
chr1	117338001	117339000	0.0215	0	0.0000	0.9821	NONE	UNKNOWN	GERMLINE_HET2HOM_DELETION	1	0.4210	117338001	117338001	0.0004	0.0211
chr1	152787001	152798000	0.0237	0	0.0000	0.5034	NONE	UNKNOWN	GERMLINE_HOM_DELETION	2	0.3607	152787001	152788001	0.0118	0.0119
chr1	229677001	229683000	0.0000	0	0.0000	0.5048	NONE	UNKNOWN	GERMLINE_HOM_DELETION	1	0.3842	229677001	229682001	0.0000	0.0000
chr2	108694001	108695000	0.0343	0	0.0000	0.5032	NONE	UNKNOWN	GERMLINE_HOM_DELETION	1	0.4170	108694001	108694001	0.0171	0.0173
chr3	1740001	1747000	0.1714	0	0.0000	0.9828	NONE	UNKNOWN	GERMLINE_HET2HOM_DELETION	6	0.3956	1740001	1741001	0.0029	0.1684
chr3	8284001	8285000	0.0378	0	0.0000	0.9828	NONE	UNKNOWN	GERMLINE_HET2HOM_DELETION	1	0.3750	8284001	8284001	0.0006	0.0371
chr3	9655001	9656000	0.2759	0	0.0000	0.9828	NONE	UNKNOWN	GERMLINE_HET2HOM_DELETION	1	0.5180	9655001	9655001	0.0047	0.2712
chr3	32765001	32766000	0.2408	0	0.0000	0.9828	NONE	UNKNOWN	GERMLINE_HET2HOM_DELETION	1	0.4460	32765001	32765001	0.0041	0.2366
chr3	47449001	47452000	0.0821	0	0.0000	0.9828	NONE	UNKNOWN	GERMLINE_HET2HOM_DELETION	3	0.4480	47449001	47449001	0.0014	0.0806
chr3	84056001	84058000	0.0587	0	0.0000	0.9828	NONE	UNKNOWN	GERMLINE_HET2HOM_DELETION	2	0.3105	84056001	84056001	0.0010	0.0577
chr4	127001	128000	0.0441	0	0.0000	0.5058	NONE	UNKNOWN	GERMLINE_HOM_DELETION	1	0.4110	127001	127001	0.0218	0.0223
chr5	23903001	23905000	0.0000	0	0.0000	0.5061	NONE	UNKNOWN	GERMLINE_HOM_DELETION	1	0.3560	23903001	23904001	0.0000	0.0000
chr5	42628001	42631000	0.1416	0	0.0000	0.5061	NONE	UNKNOWN	GERMLINE_HOM_DELETION	1	0.3810	42628001	42630001	0.0699	0.0717
chr5	46144001	46145000	0.0712	0	0.0000	0.5061	NONE	UNKNOWN	GERMLINE_HOM_DELETION	1	0.3510	46144001	46144001	0.0352	0.0361
chr6	32515001	32517000	0.1594	0	0.0000	0.5075	NONE	UNKNOWN	GERMLINE_HOM_DELETION	1	0.3840	32515001	32515001	0.0785	0.0809
chr6	32529001	32534000	0.1391	0	0.0000	0.5075	NONE	UNKNOWN	GERMLINE_HOM_DELETION	1	0.3190	32529001	32533001	0.0685	0.0706
chr6	32579001	32589000	0.0000	0	0.0000	0.5075	NONE	UNKNOWN	GERMLINE_HOM_DELETION	3	0.4327	32579001	32583001	0.0000	0.0000
chr6	72154001	72155000	0.2167	0	0.0000	0.5025	NONE	UNKNOWN	GERMLINE_HOM_DELETION	1	0.3730	72154001	72154001	0.1078	0.1089
chr7	51527001	51531000	0.1951	0	0.0000	0.5062	NONE	UNKNOWN	GERMLINE_HOM_DELETION	1	0.4073	51527001	51530001	0.0964	0.0988
chr7	74413001	74417000	0.1649	0	0.0000	0.5064	NONE	UNKNOWN	GERMLINE_HOM_DELETION	2	0.4910	74413001	74414001	0.0814	0.0835
chr7	90181001	90182000	0.0039	0	0.0000	0.5064	NONE	UNKNOWN	GERMLINE_HOM_DELETION	1	0.3500	90181001	90181001	0.0019	0.0020
chr8	25209001	25210000	0.1515	0	0.0000	0.5024	NONE	UNKNOWN	GERMLINE_HOM_DELETION	1	0.4720	25209001	25209001	0.0754	0.0761
chr8	30747001	30748000	0.0164	0	0.0000	0.5024	NONE	UNKNOWN	GERMLINE_HOM_DELETION	1	0.4060	30747001	30747001	0.0081	0.0082
chr8	32823001	32831000	0.0000	0	0.0000	0.5024	NONE	UNKNOWN	GERMLINE_HOM_DELETION	1	0.3670	32823001	32830001	0.0000	0.0000
chr10	120467001	120468000	0.1041	0	0.0000	0.5111	NONE	UNKNOWN	GERMLINE_HOM_DELETION	1	0.4340	120467001	120467001	0.0509	0.0532
chr12	48315001	48317000	0.0899	0	0.0000	0.5042	NONE	UNKNOWN	GERMLINE_HOM_DELETION	1	0.4175	48315001	48316001	0.0446	0.0454
chr12	71963001	71964000	0.0029	0	0.0000	0.5042	NONE	UNKNOWN	GERMLINE_HOM_DELETION	1	0.3850	71963001	71963001	0.0014	0.0014
chr13	33562001	33570000	0.0237	0	0.0000	0.9804	NONE	UNKNOWN	GERMLINE_HET2HOM_DELETION	8	0.3538	33562001	33562001	0.0005	0.0232
chr13	38483001	38484000	0.1053	0	0.0000	0.9804	NONE	UNKNOWN	GERMLINE_HOM_DELETION	1	0.3490	38483001	38483001	0.0021	0.1032
chr13	48959001	48960000	0.4430	0	0.0000	0.9804	NONE	UNKNOWN	GERMLINE_HET2HOM_DELETION	1	0.4780	48959001	48959001	0.0087	0.4343
chr13	49939001	49941000	0.0629	0	0.0000	0.9804	NONE	UNKNOWN	GERMLINE_HET2HOM_DELETION	2	0.3970	49939001	49939001	0.0012	0.0617
chr13	53661001	53666000	0.0240	0	0.0000	0.9804	NONE	UNKNOWN	GERMLINE_HET2HOM_DELETION	5	0.3672	53661001	53661001	0.0005	0.0236
chr13	57179001	57214000	0.0173	0	0.0000	0.9804	NONE	UNKNOWN	GERMLINE_HET2HOM_DELETION	33	0.3525	57179001	57179001	0.0003	0.0170
chr13	72265001	72273000	0.1373	0	0.0000	0.9804	NONE	UNKNOWN	GERMLINE_HET2HOM_DELETION	2	0.3665	72265001	72271001	0.0027	0.1346
chr14	21551001	21555000	0.0256	0	0.0000	0.9815	NONE	UNKNOWN	GERMLINE_HET2HOM_DELETION	4	0.4285	21551001	21551001	0.0005	0.0251
chr14	34348001	34349000	0.4695	0	0.0000	0.9815	NONE	UNKNOWN	GERMLINE_HET2HOM_DELETION	1	0.2300	34348001	34348001	0.0087	0.4609
chr14	37293001	37301000	0.3968	0	0.0000	0.9815	NONE	UNKNOWN	GERMLINE_HET2HOM_DELETION	1	0.3970	37293001	37300001	0.0073	0.3895
chr14	40141001	40148000	0.0395	0	0.0000	0.9815	NONE	UNKNOWN	GERMLINE_HET2HOM_DELETION	4	0.3973	40141001	40144001	0.0007	0.0388
chr14	65140001	65141000	-0.0159	0	0.0000	0.9815	NONE	UNKNOWN	GERMLINE_HET2HOM_DELETION	1	0.3940	65140001	65140001	0.0000	-0.0159
chr16	78338001	78346000	0.0476	0	0.0000	0.5056	NONE	UNKNOWN	GERMLINE_HOM_DELETION	1	0.4051	78338001	78345001	0.0235	0.0241
chr17	26843001	26844000	0.3187	0	0.0000	0.5085	NONE	UNKNOWN	GERMLINE_HET2HOM_DELETION	1	0.4010	26843001	26843001	0.1566	0.1621
chr19	12584001	12587000	0.0000	0	0.0000	0.5228	NONE	UNKNOWN	GERMLINE_HOM_DELETION	1	0.4577	12584001	12586001	0.0000	0.0000
chr19	14936001	14938000	0.0026	0	0.0000	0.5228	NONE	UNKNOWN	GERMLINE_HOM_DELETION	1	0.3450	14936001	14937001	0.0012	0.0014
chr19	27471001	27472000	0.0003	0	0.0000	0.5150	NONE	UNKNOWN	GERMLINE_HOM_DELETION	1	0.3730	27471001	27471001	0.0002	0.0002
chr20	1580001	1613000	0.0102	0	0.0000	0.5061	NONE	UNKNOWN	GERMLINE_HOM_DELETION	1	0.4271	1580001	1612001	0.0051	0.0052
chr20	15731001	15732000	0.1407	0	0.0000	0.5061	NONE	UNKNOWN	GERMLINE_HOM_DELETION	1	0.4360	15731001	15731001	0.0695	0.0712
chr20	26280001	26281000	0.0003	0	0.0000	0.5061	NONE	UNKNOWN	GERMLINE_HOM_DELETION	1	0.3760	26280001	26280001	0.0001	0.0001
chr20	26317001	26322000	0.0081	0	0.0000	0.5061	NONE	UNKNOWN	GERMLINE_HOM_DELETION	3	0.3753	26317001	26317001	0.0040	0.0041
chr22	17289001	17293000	0.1381	0	0.0000	0.9748	NONE	UNKNOWN	GERMLINE_HET2HOM_DELETION	4	0.4853	17289001	17289001	0.0035	0.1346
chr22	19754001	19761000	0.4577	0	0.0000	0.9748	NONE	UNKNOWN	GERMLINE_HET2HOM_DELETION	1	0.6523	19754001	19760001	0.0115	0.4462
chr22	36747001	36748000	0.0519	0	0.0000	0.9748	NONE	UNKNOWN	GERMLINE_HOM_DELETION	1	0.5550	36747001	36747001	0.0013	0.0506
chr22	42322001	42324000	0.1282	0	0.0000	0.9748	NONE	UNKNOWN	GERMLINE_HET2HOM_DELETION	2	0.5335	42322001	42322001	0.0032	0.1249
chrX	8818001	8819000	0.4928	0	0.0000	1.0000	NONE	UNKNOWN	GERMLINE_HET2HOM_DELETION	1	0.4100	8818001	8818001	0.0000	0.4928
chrX	58478001	58498000	0.0219	0	0.0000	1.0000	NONE	UNKNOWN	GERMLINE_HOM_DELETION	2	0.3636	58478001	58491001	0.0000	0.0219
chrX	79667001	79668000	0.4960	0	0.0000	1.0000	NONE	UNKNOWN	GERMLINE_HET2HOM_DELETION	1	0.3360	79667001	79667001	0.0000	0.4960
chrX	119740001	119741000	0.0048	0	0.0000	1.0000	NONE	UNKNOWN	GERMLINE_HOM_DELETION	1	0.5020	119740001	119740001	0.0000	0.0048
chrX	145341001	145343000	0.0499	0	0.0000	1.0000	NONE	UNKNOWN	GERMLINE_HOM_DELETION	1	0.3305	145341001	145342001	0.0000	0.0499
