chromosome	start	end	gene	minCopyNumber	maxCopyNumber	unused	somaticRegions	germlineHomDeletionRegions	germlineHetToHomDeletionRegions	transcriptId	transcriptVersion	chromosomeBand	minRegions	minRegionStart	minRegionEnd	minRegionStartSupport	minRegionEndSupport	minRegionMethod	minMinorAlleleCopyNumber
chr1	11869	14409	DDX11L1	1.0249	1.0249	0	1	0	0	ENST00000456328	2	p36.33	1	1	123605522	TELOMERE	CENTROMERE	BAF_WEIGHTED	0.0184
chr1	14404	29570	WASH7P	1.0249	1.0249	0	1	0	0	ENST00000488147	1	p36.33	1	1	123605522	TELOMERE	CENTROMERE	BAF_WEIGHTED	0.0184
chr1	17369	17436	MIR6859-1	1.0249	1.0249	0	1	0	0	ENST00000619216	1	p36.33	1	1	123605522	TELOMERE	CENTROMERE	BAF_WEIGHTED	0.0184
chr1	29554	31097	MIR1302-2HG	1.0249	1.0249	0	1	0	0	ENST00000473358	1	p36.33	1	1	123605522	TELOMERE	CENTROMERE	BAF_WEIGHTED	0.0184
chr1	30366	30503	MIR1302-2	1.0249	1.0249	0	1	0	0	ENST00000607096	1	p36.33	1	1	123605522	TELOMERE	CENTROMERE	BAF_WEIGHTED	0.0184
chr1	34554	36081	FAM138A	1.0249	1.0249	0	1	0	0	ENST00000417324	1	p36.33	1	1	123605522	TELOMERE	CENTROMERE	BAF_WEIGHTED	0.0184
chr1	69091	70008	OR4F5	1.0249	1.0249	0	1	0	0	ENST00000335137	3	p36.33	1	1	123605522	TELOMERE	CENTROMERE	BAF_WEIGHTED	0.0184
chr1	185217	195411	FO538757.1	1.0249	1.0249	0	1	0	0	ENST00000623083	4	p36.33	1	1	123605522	TELOMERE	CENTROMERE	BAF_WEIGHTED	0.0184
chr1	187891	187958	MIR6859-2	1.0249	1.0249	0	1	0	0	ENST00000612080	1	p36.33	1	1	123605522	TELOMERE	CENTROMERE	BAF_WEIGHTED	0.0184
chr1	450740	451678	OR4F29	1.0249	1.0249	0	1	0	0	ENST00000426406	2	p36.33	1	1	123605522	TELOMERE	CENTROMERE	BAF_WEIGHTED	0.0184
chr2	38814	46385	FAM110C	2.0105	2.0105	0	1	0	0	ENST00000327669	4	p25.3	1	1	93139350	TELOMERE	CENTROMERE	BAF_WEIGHTED	0.9943
chr2	218158	264065	SH3YL1	2.0105	2.0105	0	1	0	0	ENST00000356150	9	p25.3	1	1	93139350	TELOMERE	CENTROMERE	BAF_WEIGHTED	0.9943
chr2	264869	278283	ACP1	2.0105	2.0105	0	1	0	0	ENST00000272067	10	p25.3	1	1	93139350	TELOMERE	CENTROMERE	BAF_WEIGHTED	0.9943
chr2	279558	288296	ALKAL2	2.0105	2.0105	0	1	0	0	ENST00000403610	8	p25.3	1	1	93139350	TELOMERE	CENTROMERE	BAF_WEIGHTED	0.9943
chr2	490944	492655	LINC01874	2.0105	2.0105	0	1	0	0	ENST00000427398	1	p25.3	1	1	93139350	TELOMERE	CENTROMERE	BAF_WEIGHTED	0.9943
chr2	545805	546667	LINC01875	2.0105	2.0105	0	1	0	0	ENST00000454477	1	p25.3	1	1	93139350	TELOMERE	CENTROMERE	BAF_WEIGHTED	0.9943
chr2	667335	677439	TMEM18	2.0105	2.0105	0	1	0	0	ENST00000281017	7	p25.3	1	1	93139350	TELOMERE	CENTROMERE	BAF_WEIGHTED	0.9943
chr2	677186	682802	AC092159.2	2.0105	2.0105	0	1	0	0	ENST00000445418	1	p25.3	1	1	93139350	TELOMERE	CENTROMERE	BAF_WEIGHTED	0.9943
chr2	739588	740164	LINC01115	2.0105	2.0105	0	1	0	0	ENST00000606068	1	p25.3	1	1	93139350	TELOMERE	CENTROMERE	BAF_WEIGHTED	0.9943
chr2	900216	905451	LINC01939	2.0105	2.0105	0	1	0	0	ENST00000445279	5	p25.3	1	1	93139350	TELOMERE	CENTROMERE	BAF_WEIGHTED	0.9943
chr3	195758	197341	CHL1-AS2	1.0268	1.0268	0	1	0	0	ENST00000452919	1	p26.3	1	1	92214015	TELOMERE	CENTROMERE	BAF_WEIGHTED	0.0176
chr3	196596	409417	CHL1	1.0268	1.0268	0	1	0	0	ENST00000256509	6	p26.3	1	1	92214015	TELOMERE	CENTROMERE	BAF_WEIGHTED	0.0176
chr3	363370	385795	CHL1-AS1	1.0268	1.0268	0	1	0	0	ENST00000417612	1	p26.3	1	1	92214015	TELOMERE	CENTROMERE	BAF_WEIGHTED	0.0176
chr3	536231	846015	LINC01266	1.0268	1.0268	0	1	0	0	ENST00000420823	5	p26.3	1	1	92214015	TELOMERE	CENTROMERE	BAF_WEIGHTED	0.0176
chr3	1092576	1404217	CNTN6	1.0268	1.0268	0	1	0	0	ENST00000446702	6	p26.3	1	1	92214015	TELOMERE	CENTROMERE	BAF_WEIGHTED	0.0176
chr3	2238829	3057953	CNTN4	1.0268	1.0268	0	1	0	0	ENST00000397461	5	p26.2-p26.3	1	1	92214015	TELOMERE	CENTROMERE	BAF_WEIGHTED	0.0176
chr3	2110409	2144241	CNTN4-AS2	1.0268	1.0268	0	1	0	0	ENST00000447256	2	p26.3	1	1	92214015	TELOMERE	CENTROMERE	BAF_WEIGHTED	0.0176
chr3	3069549	3110374	IL5RA	1.0268	1.0268	0	1	0	0	ENST00000446632	6	p26.2	1	1	92214015	TELOMERE	CENTROMERE	BAF_WEIGHTED	0.0176
chr3	3126916	3149023	TRNT1	1.0268	1.0268	0	1	0	0	ENST00000251607	10	p26.2	1	1	92214015	TELOMERE	CENTROMERE	BAF_WEIGHTED	0.0176
chr3	3150011	3179710	CRBN	1.0268	1.0268	0	1	0	0	ENST00000231948	8	p26.2	1	1	92214015	TELOMERE	CENTROMERE	BAF_WEIGHTED	0.0176
chr4	53285	88211	ZNF595	2.0043	2.0043	0	1	0	0	ENST00000610261	5	p16.3	1	1	50726025	TELOMERE	CENTROMERE	BAF_WEIGHTED	0.9906
chr4	124480	163989	ZNF718	2.0043	2.0043	0	1	0	0	ENST00000510175	5	p16.3	1	1	50726025	TELOMERE	CENTROMERE	BAF_WEIGHTED	0.9906
chr4	212610	255985	ZNF876P	2.0043	2.0043	0	1	0	0	ENST00000356347	3	p16.3	1	1	50726025	TELOMERE	CENTROMERE	BAF_WEIGHTED	0.9906
chr4	270675	305321	ZNF732	2.0043	2.0043	0	1	0	0	ENST00000419098	5	p16.3	1	1	50726025	TELOMERE	CENTROMERE	BAF_WEIGHTED	0.9906
chr4	337835	375258	ZNF141	2.0043	2.0043	0	1	0	0	ENST00000240499	7	p16.3	1	1	50726025	TELOMERE	CENTROMERE	BAF_WEIGHTED	0.9906
chr4	350157	350252	MIR571	2.0043	2.0043	0	1	0	0	ENST00000384910	1	p16.3	1	1	50726025	TELOMERE	CENTROMERE	BAF_WEIGHTED	0.9906
chr4	425773	427882	ABCA11P	2.0043	2.0043	0	1	0	0	ENST00000504019	1	p16.3	1	1	50726025	TELOMERE	CENTROMERE	BAF_WEIGHTED	0.9906
chr4	441695	499156	ZNF721	2.0043	2.0043	0	1	0	0	ENST00000511833	2	p16.3	1	1	50726025	TELOMERE	CENTROMERE	BAF_WEIGHTED	0.9906
chr4	499230	539529	PIGG	2.0043	2.0043	0	1	0	0	ENST00000453061	6	p16.3	1	1	50726025	TELOMERE	CENTROMERE	BAF_WEIGHTED	0.9906
chr4	625606	670753	PDE6B	2.0043	2.0043	0	1	0	0	ENST00000496514	5	p16.3	1	1	50726025	TELOMERE	CENTROMERE	BAF_WEIGHTED	0.9906
chr5	140258	189972	PLEKHG4B	2.0123	2.0123	0	1	0	0	ENST00000283426	11	p15.33	1	1	48272853	TELOMERE	CENTROMERE	BAF_WEIGHTED	0.9939
chr5	191511	195353	LRRC14B	2.0123	2.0123	0	1	0	0	ENST00000328278	3	p15.33	1	1	48272853	TELOMERE	CENTROMERE	BAF_WEIGHTED	0.9939
chr5	196871	218215	CCDC127	2.0123	2.0123	0	1	0	0	ENST00000296824	3	p15.33	1	1	48272853	TELOMERE	CENTROMERE	BAF_WEIGHTED	0.9939
chr5	218241	256700	SDHA	2.0123	2.0123	0	1	0	0	ENST00000264932	10	p15.33	1	1	48272853	TELOMERE	CENTROMERE	BAF_WEIGHTED	0.9939
chr5	271621	314974	PDCD6	2.0123	2.0123	0	1	0	0	ENST00000264933	8	p15.33	1	1	48272853	TELOMERE	CENTROMERE	BAF_WEIGHTED	0.9939
chr5	304176	438291	AHRR	2.0123	2.0123	0	1	0	0	ENST00000316418	9	p15.33	1	1	48272853	TELOMERE	CENTROMERE	BAF_WEIGHTED	0.9939
chr5	443158	467296	EXOC3	2.0123	2.0123	0	1	0	0	ENST00000512944	5	p15.33	1	1	48272853	TELOMERE	CENTROMERE	BAF_WEIGHTED	0.9939
chr5	470510	473098	PP7080	2.0123	2.0123	0	1	0	0	ENST00000342584	3	p15.33	1	1	48272853	TELOMERE	CENTROMERE	BAF_WEIGHTED	0.9939
chr5	473310	524332	SLC9A3	2.0123	2.0123	0	1	0	0	ENST00000264938	7	p15.33	1	1	48272853	TELOMERE	CENTROMERE	BAF_WEIGHTED	0.9939
chr5	535840	535882	MIR4456	2.0123	2.0123	0	1	0	0	ENST00000582112	1	p15.33	1	1	48272853	TELOMERE	CENTROMERE	BAF_WEIGHTED	0.9939
chr6	181466	205484	AL035696.3	2.0037	2.0037	0	1	0	0	ENST00000580119	1	p25.3	1	1	59191910	TELOMERE	CENTROMERE	BAF_WEIGHTED	0.9868
chr6	292462	351353	DUSP22	2.0037	2.0037	0	1	0	0	ENST00000419235	6	p25.3	1	1	59191910	TELOMERE	CENTROMERE	BAF_WEIGHTED	0.9868
chr6	391739	411447	IRF4	2.0037	2.0037	0	1	0	0	ENST00000380956	8	p25.3	1	1	59191910	TELOMERE	CENTROMERE	BAF_WEIGHTED	0.9868
chr6	485133	693111	EXOC2	2.0037	2.0037	0	1	0	0	ENST00000230449	8	p25.3	1	1	59191910	TELOMERE	CENTROMERE	BAF_WEIGHTED	0.9868
chr6	655939	656963	HUS1B	2.0037	2.0037	0	1	0	0	ENST00000380907	2	p25.3	1	1	59191910	TELOMERE	CENTROMERE	BAF_WEIGHTED	0.9868
chr6	1312440	1314748	FOXQ1	2.0037	2.0037	0	1	0	0	ENST00000296839	4	p25.3	1	1	59191910	TELOMERE	CENTROMERE	BAF_WEIGHTED	0.9868
chr6	1389834	1395597	FOXF2	2.0037	2.0037	0	1	0	0	ENST00000259806	1	p25.3	1	1	59191910	TELOMERE	CENTROMERE	BAF_WEIGHTED	0.9868
chr6	1390314	1390411	MIR6720	2.0037	2.0037	0	1	0	0	ENST00000611664	1	p25.3	1	1	59191910	TELOMERE	CENTROMERE	BAF_WEIGHTED	0.9868
chr6	1609972	1613897	FOXC1	2.0037	2.0037	0	1	0	0	ENST00000380874	3	p25.3	1	1	59191910	TELOMERE	CENTROMERE	BAF_WEIGHTED	0.9868
chr6	1623806	2245692	GMDS	2.0037	2.0037	0	1	0	0	ENST00000380815	4	p25.3	1	1	59191910	TELOMERE	CENTROMERE	BAF_WEIGHTED	0.9868
chr7	174920	176013	AC093627.2	2.0101	2.0101	0	1	0	0	ENST00000497017	1	p22.3	1	1	59498943	TELOMERE	CENTROMERE	BAF_WEIGHTED	0.9926
chr7	192969	260745	FAM20C	2.0101	2.0101	0	1	0	0	ENST00000313766	5	p22.3	1	1	59498943	TELOMERE	CENTROMERE	BAF_WEIGHTED	0.9926
chr7	290170	291488	AC187653.1	2.0101	2.0101	0	1	0	0	ENST00000506382	2	p22.3	1	1	59498943	TELOMERE	CENTROMERE	BAF_WEIGHTED	0.9926
chr7	379359	382712	AC226118.1	2.0101	2.0101	0	1	0	0	ENST00000515213	1	p22.3	1	1	59498943	TELOMERE	CENTROMERE	BAF_WEIGHTED	0.9926
chr7	498309	519394	PDGFA	2.0101	2.0101	0	1	0	0	ENST00000354513	9	p22.3	1	1	59498943	TELOMERE	CENTROMERE	BAF_WEIGHTED	0.9926
chr7	520391	525232	HRAT92	2.0101	2.0101	0	1	0	0	ENST00000452622	1	p22.3	1	1	59498943	TELOMERE	CENTROMERE	BAF_WEIGHTED	0.9926
chr7	549198	713207	PRKAR1B	2.0101	2.0101	0	1	0	0	ENST00000406797	5	p22.3	1	1	59498943	TELOMERE	CENTROMERE	BAF_WEIGHTED	0.9926
chr7	561958	565619	AC147651.1	2.0101	2.0101	0	1	0	0	ENST00000453149	1	p22.3	1	1	59498943	TELOMERE	CENTROMERE	BAF_WEIGHTED	0.9926
chr7	726701	786475	DNAAF5	2.0101	2.0101	0	1	0	0	ENST00000297440	10	p22.3	1	1	59498943	TELOMERE	CENTROMERE	BAF_WEIGHTED	0.9926
chr7	832501	874902	SUN1	2.0101	2.0101	0	1	0	0	ENST00000401592	5	p22.3	1	1	59498943	TELOMERE	CENTROMERE	BAF_WEIGHTED	0.9926
chr8	166049	167043	OR4F21	1.9966	1.9966	0	1	0	0	ENST00000320901	3	p23.3	1	1	44955504	TELOMERE	CENTROMERE	BAF_WEIGHTED	0.9936
chr8	232397	247340	ZNF596	1.9966	1.9966	0	1	0	0	ENST00000398612	2	p23.3	1	1	44955504	TELOMERE	CENTROMERE	BAF_WEIGHTED	0.9936
chr8	375931	383174	FAM87A	1.9966	1.9966	0	1	0	0	ENST00000330148	6	p23.3	1	1	44955504	TELOMERE	CENTROMERE	BAF_WEIGHTED	0.9936
chr8	406955	477967	FBXO25	1.9966	1.9966	0	1	0	0	ENST00000382824	5	p23.3	1	1	44955504	TELOMERE	CENTROMERE	BAF_WEIGHTED	0.9936
chr8	489803	545781	TDRP	1.9966	1.9966	0	1	0	0	ENST00000523656	5	p23.3	1	1	44955504	TELOMERE	CENTROMERE	BAF_WEIGHTED	0.9936
chr8	664200	731239	ERICH1	1.9966	1.9966	0	1	0	0	ENST00000262109	7	p23.3	1	1	44955504	TELOMERE	CENTROMERE	BAF_WEIGHTED	0.9936
chr8	1501366	1708474	DLGAP2	1.9966	1.9966	0	1	0	0	ENST00000612087	1	p23.3	1	1	44955504	TELOMERE	CENTROMERE	BAF_WEIGHTED	0.9936
chr8	738548	740374	AC100797.4	1.9966	1.9966	0	1	0	0	ENST00000631653	1	p23.3	1	1	44955504	TELOMERE	CENTROMERE	BAF_WEIGHTED	0.9936
chr8	1296034	1302607	AF067845.2	1.9966	1.9966	0	1	0	0	ENST00000617093	1	p23.3	1	1	44955504	TELOMERE	CENTROMERE	BAF_WEIGHTED	0.9936
chr8	1604552	1622417	DLGAP2-AS1	1.9966	1.9966	0	1	0	0	ENST00000518009	1	p23.3	1	1	44955504	TELOMERE	CENTROMERE	BAF_WEIGHTED	0.9936
chr9	14521	29739	WASHC1	1.9900	1.9900	0	1	0	0	ENST00000442898	4	p24.3	1	1	44377362	TELOMERE	CENTROMERE	BAF_WEIGHTED	0.9886
chr9	30144	30281	MIR1302-9	1.9900	1.9900	0	1	0	0	ENST00000408365	1	p24.3	1	1	44377362	TELOMERE	CENTROMERE	BAF_WEIGHTED	0.9886
chr9	34394	35860	FAM138C	1.9900	1.9900	0	1	0	0	ENST00000449442	3	p24.3	1	1	44377362	TELOMERE	CENTROMERE	BAF_WEIGHTED	0.9886
chr9	72674	87667	PGM5P3-AS1	1.9900	1.9900	0	1	0	0	ENST00000621255	4	p24.3	1	1	44377362	TELOMERE	CENTROMERE	BAF_WEIGHTED	0.9886
chr9	116231	118204	FOXD4	1.9900	1.9900	0	1	0	0	ENST00000382500	3	p24.3	1	1	44377362	TELOMERE	CENTROMERE	BAF_WEIGHTED	0.9886
chr9	121041	179147	CBWD1	1.9900	1.9900	0	1	0	0	ENST00000377400	8	p24.3	1	1	44377362	TELOMERE	CENTROMERE	BAF_WEIGHTED	0.9886
chr9	212824	215741	C9orf66	1.9900	1.9900	0	1	0	0	ENST00000382387	3	p24.3	1	1	44377362	TELOMERE	CENTROMERE	BAF_WEIGHTED	0.9886
chr9	214865	465259	DOCK8	1.9900	1.9900	0	1	0	0	ENST00000432829	6	p24.3	1	1	44377362	TELOMERE	CENTROMERE	BAF_WEIGHTED	0.9886
chr9	504695	746106	KANK1	1.9900	1.9900	0	1	0	0	ENST00000619269	4	p24.3	1	1	44377362	TELOMERE	CENTROMERE	BAF_WEIGHTED	0.9886
chr9	841690	969090	DMRT1	1.9900	1.9900	0	1	0	0	ENST00000382276	7	p24.3	1	1	44377362	TELOMERE	CENTROMERE	BAF_WEIGHTED	0.9886
chr10	46953	49589	TUBB8	1.9899	1.9899	0	1	0	0	ENST00000568584	5	p15.3	1	1	40640101	TELOMERE	CENTROMERE	BAF_WEIGHTED	0.9825
chr10	135069	254637	ZMYND11	1.9899	1.9899	0	1	0	0	ENST00000381591	5	p15.3	1	1	40640101	TELOMERE	CENTROMERE	BAF_WEIGHTED	0.9825
chr10	274198	689668	DIP2C	1.9899	1.9899	0	1	0	0	ENST00000280886	11	p15.3	1	1	40640101	TELOMERE	CENTROMERE	BAF_WEIGHTED	0.9825
chr10	641689	641778	MIR5699	1.9899	1.9899	0	1	0	0	ENST00000578903	1	p15.3	1	1	40640101	TELOMERE	CENTROMERE	BAF_WEIGHTED	0.9825
chr10	649948	652655	PRR26	1.9899	1.9899	0	1	0	0	ENST00000441152	3	p15.3	1	1	40640101	TELOMERE	CENTROMERE	BAF_WEIGHTED	0.9825
chr10	806914	931705	LARP4B	1.9899	1.9899	0	1	0	0	ENST00000612396	4	p15.3	1	1	40640101	TELOMERE	CENTROMERE	BAF_WEIGHTED	0.9825
chr10	933026	942743	AL359878.2	1.9899	1.9899	0	1	0	0	ENST00000435531	1	p15.3	1	1	40640101	TELOMERE	CENTROMERE	BAF_WEIGHTED	0.9825
chr10	985226	988329	AL359878.1	1.9899	1.9899	0	1	0	0	ENST00000615314	1	p15.3	1	1	40640101	TELOMERE	CENTROMERE	BAF_WEIGHTED	0.9825
chr10	988019	1019936	GTPBP4	1.9899	1.9899	0	1	0	0	ENST00000360803	8	p15.3	1	1	40640101	TELOMERE	CENTROMERE	BAF_WEIGHTED	0.9825
chr10	1018907	1025859	IDI2	1.9899	1.9899	0	1	0	0	ENST00000277517	1	p15.3	1	1	40640101	TELOMERE	CENTROMERE	BAF_WEIGHTED	0.9825
chr11	202926	207428	BET1L	2.0012	2.0012	0	1	0	0	ENST00000382762	7	p15.5	1	1	52751710	TELOMERE	CENTROMERE	BAF_WEIGHTED	0.9888
chr11	193080	194573	SCGB1C1	2.0012	2.0012	0	1	0	0	ENST00000342878	2	p15.5	1	1	52751710	TELOMERE	CENTROMERE	BAF_WEIGHTED	0.9888
chr11	196738	200258	ODF3	2.0012	2.0012	0	1	0	0	ENST00000325113	8	p15.5	1	1	52751710	TELOMERE	CENTROMERE	BAF_WEIGHTED	0.9888
chr11	208530	215113	RIC8A	2.0012	2.0012	0	1	0	0	ENST00000325207	9	p15.5	1	1	52751710	TELOMERE	CENTROMERE	BAF_WEIGHTED	0.9888
chr11	209336	209406	MIR6743	2.0012	2.0012	0	1	0	0	ENST00000611346	1	p15.5	1	1	52751710	TELOMERE	CENTROMERE	BAF_WEIGHTED	0.9888
chr11	215458	236431	SIRT3	2.0012	2.0012	0	1	0	0	ENST00000382743	8	p15.5	1	1	52751710	TELOMERE	CENTROMERE	BAF_WEIGHTED	0.9888
chr11	236977	252981	PSMD13	2.0012	2.0012	0	1	0	0	ENST00000431206	6	p15.5	1	1	52751710	TELOMERE	CENTROMERE	BAF_WEIGHTED	0.9888
chr11	278570	285304	NLRP6	2.0012	2.0012	0	1	0	0	ENST00000312165	5	p15.5	1	1	52751710	TELOMERE	CENTROMERE	BAF_WEIGHTED	0.9888
chr11	289138	296107	PGGHG	2.0012	2.0012	0	1	0	0	ENST00000409548	6	p15.5	1	1	52751710	TELOMERE	CENTROMERE	BAF_WEIGHTED	0.9888
chr11	298200	299526	IFITM5	2.0012	2.0012	0	1	0	0	ENST00000382614	2	p15.5	1	1	52751710	TELOMERE	CENTROMERE	BAF_WEIGHTED	0.9888
chr12	14522	32015	AC215219.1	1.9962	1.9962	0	1	0	0	ENST00000400706	3	p13.33	1	1	35977329	TELOMERE	CENTROMERE	BAF_WEIGHTED	0.9879
chr12	36661	38102	FAM138D	1.9962	1.9962	0	1	0	0	ENST00000546223	1	p13.33	1	1	35977329	TELOMERE	CENTROMERE	BAF_WEIGHTED	0.9879
chr12	66765	178460	IQSEC3	1.9962	1.9962	0	1	0	0	ENST00000538872	5	p13.33	1	1	35977329	TELOMERE	CENTROMERE	BAF_WEIGHTED	0.9879
chr12	139534	149115	AC026369.1	1.9962	1.9962	0	1	0	0	ENST00000508953	2	p13.33	1	1	35977329	TELOMERE	CENTROMERE	BAF_WEIGHTED	0.9879
chr12	190136	213338	SLC6A12	1.9962	1.9962	0	1	0	0	ENST00000424061	6	p13.33	1	1	35977329	TELOMERE	CENTROMERE	BAF_WEIGHTED	0.9879
chr12	203642	205094	AC007406.4	1.9962	1.9962	0	1	0	0	ENST00000539568	2	p13.33	1	1	35977329	TELOMERE	CENTROMERE	BAF_WEIGHTED	0.9879
chr12	220625	262836	SLC6A13	1.9962	1.9962	0	1	0	0	ENST00000343164	8	p13.33	1	1	35977329	TELOMERE	CENTROMERE	BAF_WEIGHTED	0.9879
chr12	253442	257299	AC007406.2	1.9962	1.9962	0	1	0	0	ENST00000540868	1	p13.33	1	1	35977329	TELOMERE	CENTROMERE	BAF_WEIGHTED	0.9879
chr12	280129	389454	KDM5A	1.9962	1.9962	0	1	0	0	ENST00000399788	6	p13.33	1	1	35977329	TELOMERE	CENTROMERE	BAF_WEIGHTED	0.9879
chr12	401576	442645	CCDC77	1.9962	1.9962	0	1	0	0	ENST00000239830	8	p13.33	1	1	35977329	TELOMERE	CENTROMERE	BAF_WEIGHTED	0.9879
chr13	18195297	18232024	FAM230C	2.0017	2.0017	0	1	0	0	ENST00000623511	1	q11	1	17025624	31577000	CENTROMERE	NONE	BAF_WEIGHTED	0.9944
chr13	19008259	19012559	LINC00442	2.0017	2.0017	0	1	0	0	ENST00000456737	1	q12.11	1	17025624	31577000	CENTROMERE	NONE	BAF_WEIGHTED	0.9944
chr13	19173770	19181852	TUBA3C	2.0017	2.0017	0	1	0	0	ENST00000400113	7	q12.11	1	17025624	31577000	CENTROMERE	NONE	BAF_WEIGHTED	0.9944
chr13	19345049	19346749	LINC00421	2.0017	2.0017	0	1	0	0	ENST00000413833	1	q12.11	1	17025624	31577000	CENTROMERE	NONE	BAF_WEIGHTED	0.9944
chr13	19422883	19503279	TPTE2	2.0017	2.0017	0	1	0	0	ENST00000400230	6	q12.11	1	17025624	31577000	CENTROMERE	NONE	BAF_WEIGHTED	0.9944
chr13	19633681	19673459	MPHOSPH8	2.0017	2.0017	0	1	0	0	ENST00000361479	9	q12.11	1	17025624	31577000	CENTROMERE	NONE	BAF_WEIGHTED	0.9944
chr13	19702500	19782917	PSPC1	2.0017	2.0017	0	1	0	0	ENST00000338910	8	q12.11	1	17025624	31577000	CENTROMERE	NONE	BAF_WEIGHTED	0.9944
chr13	19837465	19863524	ZMYM5	2.0017	2.0017	0	1	0	0	ENST00000382905	8	q12.11	1	17025624	31577000	CENTROMERE	NONE	BAF_WEIGHTED	0.9944
chr13	19958670	20091829	ZMYM2	2.0017	2.0017	0	1	0	0	ENST00000610343	4	q12.11	1	17025624	31577000	CENTROMERE	NONE	BAF_WEIGHTED	0.9944
chr13	20102701	20103230	LINC01072	2.0017	2.0017	0	1	0	0	ENST00000455848	1	q12.11	1	17025624	31577000	CENTROMERE	NONE	BAF_WEIGHTED	0.9944
chr14	18601045	18602129	OR11H12	1.0163	1.0163	0	1	0	0	ENST00000550708	1	q11.2	1	17086762	67875993	CENTROMERE	BND	BAF_WEIGHTED	0.0188
chr14	18967434	18998903	POTEM	1.0163	1.0163	0	1	0	0	ENST00000547889	5	q11.2	1	17086762	67875993	CENTROMERE	BND	BAF_WEIGHTED	0.0188
chr14	18977180	18980742	AL929601.3	1.0163	1.0163	0	1	0	0	ENST00000613990	1	q11.2	1	17086762	67875993	CENTROMERE	BND	BAF_WEIGHTED	0.0188
chr14	19062372	19105242	DUXAP9	1.0163	1.0163	0	1	0	0	ENST00000621361	4	q11.2	1	17086762	67875993	CENTROMERE	BND	BAF_WEIGHTED	0.0188
chr14	19300150	19337669	DUXAP10	1.0163	1.0163	0	1	0	0	ENST00000624585	2	q11.2	1	17086762	67875993	CENTROMERE	BND	BAF_WEIGHTED	0.0188
chr14	19402486	19434341	POTEG	1.0163	1.0163	0	1	0	0	ENST00000547848	5	q11.2	1	17086762	67875993	CENTROMERE	BND	BAF_WEIGHTED	0.0188
chr14	19712936	19713920	OR11H2	1.0163	1.0163	0	1	0	0	ENST00000556246	2	q11.2	1	17086762	67875993	CENTROMERE	BND	BAF_WEIGHTED	0.0188
chr14	19827449	19828372	OR4N2	1.0163	1.0163	0	1	0	0	ENST00000315947	1	q11.2	1	17086762	67875993	CENTROMERE	BND	BAF_WEIGHTED	0.0188
chr14	19747428	19748369	OR4Q3	1.0163	1.0163	0	1	0	0	ENST00000331723	1	q11.2	1	17086762	67875993	CENTROMERE	BND	BAF_WEIGHTED	0.0188
chr14	19780242	19781357	OR4M1	1.0163	1.0163	0	1	0	0	ENST00000315957	4	q11.2	1	17086762	67875993	CENTROMERE	BND	BAF_WEIGHTED	0.0188
chr15	20282744	20291558	CHEK2P2	2.0046	2.0046	0	1	0	0	ENST00000555186	5	q11.1	1	18362627	101991189	CENTROMERE	TELOMERE	BAF_WEIGHTED	0.9915
chr15	20379495	20453880	HERC2P3	2.0046	2.0046	0	1	0	0	ENST00000426501	5	q11.1-q11.2	1	18362627	101991189	CENTROMERE	TELOMERE	BAF_WEIGHTED	0.9915
chr15	20531856	20541800	GOLGA6L6	2.0046	2.0046	0	1	0	0	ENST00000619213	1	q11.2	1	18362627	101991189	CENTROMERE	TELOMERE	BAF_WEIGHTED	0.9915
chr15	20562375	20575696	GOLGA8CP	2.0046	2.0046	0	1	0	0	ENST00000446144	2	q11.2	1	18362627	101991189	CENTROMERE	TELOMERE	BAF_WEIGHTED	0.9915
chr15	20832795	20832869	MIR3118-2	2.0046	2.0046	0	1	0	0	ENST00000584700	1	q11.2	1	18362627	101991189	CENTROMERE	TELOMERE	BAF_WEIGHTED	0.9915
chr15	20835372	20866314	POTEB2	2.0046	2.0046	0	1	0	0	ENST00000454856	4	q11.2	1	18362627	101991189	CENTROMERE	TELOMERE	BAF_WEIGHTED	0.9915
chr15	20940252	20940333	MIR5701-1	2.0046	2.0046	0	1	0	0	ENST00000585138	1	q11.2	1	18362627	101991189	CENTROMERE	TELOMERE	BAF_WEIGHTED	0.9915
chr15	20940438	20993303	LINC01193	2.0046	2.0046	0	1	0	0	ENST00000553416	5	q11.2	1	18362627	101991189	CENTROMERE	TELOMERE	BAF_WEIGHTED	0.9915
chr15	21406385	21406459	MIR3118-3	2.0046	2.0046	0	1	0	0	ENST00000611502	1	q11.2	1	18362627	101991189	CENTROMERE	TELOMERE	BAF_WEIGHTED	0.9915
chr15	21408964	21440059	POTEB3	2.0046	2.0046	0	1	0	0	ENST00000611217	4	q11.2	1	18362627	101991189	CENTROMERE	TELOMERE	BAF_WEIGHTED	0.9915
chr16	11555	14090	DDX11L10	1.9777	1.9777	0	1	0	0	ENST00000513886	1	p13.3	1	1	37295919	TELOMERE	CENTROMERE	BAF_WEIGHTED	0.9766
chr16	17052	17119	MIR6859-4	1.9777	1.9777	0	1	0	0	ENST00000615957	1	p13.3	1	1	37295919	TELOMERE	CENTROMERE	BAF_WEIGHTED	0.9766
chr16	22910	25123	WASIR2	1.9777	1.9777	0	1	0	0	ENST00000527434	1	p13.3	1	1	37295919	TELOMERE	CENTROMERE	BAF_WEIGHTED	0.9766
chr16	46407	53628	POLR3K	1.9777	1.9777	0	1	0	0	ENST00000293860	5	p13.3	1	1	37295919	TELOMERE	CENTROMERE	BAF_WEIGHTED	0.9766
chr16	53829	57668	SNRNP25	1.9777	1.9777	0	1	0	0	ENST00000383018	7	p13.3	1	1	37295919	TELOMERE	CENTROMERE	BAF_WEIGHTED	0.9766
chr16	58059	72631	RHBDF1	1.9777	1.9777	0	1	0	0	ENST00000262316	10	p13.3	1	1	37295919	TELOMERE	CENTROMERE	BAF_WEIGHTED	0.9766
chr16	78257	85842	MPG	1.9777	1.9777	0	1	0	0	ENST00000219431	4	p13.3	1	1	37295919	TELOMERE	CENTROMERE	BAF_WEIGHTED	0.9766
chr16	84274	138860	NPRL3	1.9777	1.9777	0	1	0	0	ENST00000620134	4	p13.3	1	1	37295919	TELOMERE	CENTROMERE	BAF_WEIGHTED	0.9766
chr16	152687	154503	HBZ	1.9777	1.9777	0	1	0	0	ENST00000252951	2	p13.3	1	1	37295919	TELOMERE	CENTROMERE	BAF_WEIGHTED	0.9766
chr16	165978	166768	HBM	1.9777	1.9777	0	1	0	0	ENST00000356815	3	p13.3	1	1	37295919	TELOMERE	CENTROMERE	BAF_WEIGHTED	0.9766
chr17	137526	139067	SCGB1C2	1.9680	1.9680	0	1	0	0	ENST00000595228	3	p13.3	1	1	24849829	TELOMERE	CENTROMERE	BAF_WEIGHTED	0.9655
chr17	142789	181636	DOC2B	1.9680	1.9680	0	1	0	0	ENST00000613549	2	p13.3	1	1	24849829	TELOMERE	CENTROMERE	BAF_WEIGHTED	0.9655
chr17	212502	352807	RPH3AL	1.9680	1.9680	0	1	0	0	ENST00000331302	11	p13.3	1	1	24849829	TELOMERE	CENTROMERE	BAF_WEIGHTED	0.9655
chr17	331234	333485	AC129507.1	1.9680	1.9680	0	1	0	0	ENST00000575743	1	p13.3	1	1	24849829	TELOMERE	CENTROMERE	BAF_WEIGHTED	0.9655
chr17	404541	410031	AC141424.1	1.9680	1.9680	0	1	0	0	ENST00000599026	1	p13.3	1	1	24849829	TELOMERE	CENTROMERE	BAF_WEIGHTED	0.9655
chr17	410327	414666	C17orf97	1.9680	1.9680	0	1	0	0	ENST00000360127	6	p13.3	1	1	24849829	TELOMERE	CENTROMERE	BAF_WEIGHTED	0.9655
chr17	439978	445939	RFLNB	1.9680	1.9680	0	1	0	0	ENST00000329099	4	p13.3	1	1	24849829	TELOMERE	CENTROMERE	BAF_WEIGHTED	0.9655
chr17	508668	714856	VPS53	1.9680	1.9680	0	1	0	0	ENST00000437048	6	p13.3	1	1	24849829	TELOMERE	CENTROMERE	BAF_WEIGHTED	0.9655
chr17	732412	742972	FAM57A	1.9680	1.9680	0	1	0	0	ENST00000308278	12	p13.3	1	1	24849829	TELOMERE	CENTROMERE	BAF_WEIGHTED	0.9655
chr17	744414	752261	GEMIN4	1.9680	1.9680	0	1	0	0	ENST00000319004	5	p13.3	1	1	24849829	TELOMERE	CENTROMERE	BAF_WEIGHTED	0.9655
chr18	109065	122219	ROCK1P1	2.0105	2.0105	0	1	0	0	ENST00000608049	5	p11.32	1	1	18161052	TELOMERE	CENTROMERE	BAF_WEIGHTED	0.9928
chr18	112256	112339	MIR8078	2.0105	2.0105	0	1	0	0	ENST00000619811	1	p11.32	1	1	18161052	TELOMERE	CENTROMERE	BAF_WEIGHTED	0.9928
chr18	158608	214629	USP14	2.0105	2.0105	0	1	0	0	ENST00000261601	7	p11.32	1	1	18161052	TELOMERE	CENTROMERE	BAF_WEIGHTED	0.9928
chr18	214521	268027	THOC1	2.0105	2.0105	0	1	0	0	ENST00000261600	10	p11.32	1	1	18161052	TELOMERE	CENTROMERE	BAF_WEIGHTED	0.9928
chr18	316740	500722	COLEC12	2.0105	2.0105	0	1	0	0	ENST00000400256	4	p11.32	1	1	18161052	TELOMERE	CENTROMERE	BAF_WEIGHTED	0.9928
chr18	508568	515294	LINC01925	2.0105	2.0105	0	1	0	0	ENST00000579492	1	p11.32	1	1	18161052	TELOMERE	CENTROMERE	BAF_WEIGHTED	0.9928
chr18	580357	582114	CETN1	2.0105	2.0105	0	1	0	0	ENST00000327228	4	p11.32	1	1	18161052	TELOMERE	CENTROMERE	BAF_WEIGHTED	0.9928
chr18	597023	650334	CLUL1	2.0105	2.0105	0	1	0	0	ENST00000540035	5	p11.32	1	1	18161052	TELOMERE	CENTROMERE	BAF_WEIGHTED	0.9928
chr18	657604	673578	TYMS	2.0105	2.0105	0	1	0	0	ENST00000323274	14	p11.32	1	1	18161052	TELOMERE	CENTROMERE	BAF_WEIGHTED	0.9928
chr18	674038	712544	ENOSF1	2.0105	2.0105	0	1	0	0	ENST00000340116	11	p11.32	1	1	18161052	TELOMERE	CENTROMERE	BAF_WEIGHTED	0.9928
chr19	62113	66524	WASH5P	1.9116	1.9116	0	1	0	0	ENST00000633719	1	p13.3	1	1	25844926	TELOMERE	CENTROMERE	BAF_WEIGHTED	0.9122
chr19	71973	72110	MIR1302-11	1.9116	1.9116	0	1	0	0	ENST00000408051	1	p13.3	1	1	25844926	TELOMERE	CENTROMERE	BAF_WEIGHTED	0.9122
chr19	76220	77659	FAM138F	1.9116	1.9116	0	1	0	0	ENST00000632948	1	p13.3	1	1	25844926	TELOMERE	CENTROMERE	BAF_WEIGHTED	0.9122
chr19	107461	111696	OR4F17	1.9116	1.9116	0	1	0	0	ENST00000585993	2	p13.3	1	1	25844926	TELOMERE	CENTROMERE	BAF_WEIGHTED	0.9122
chr19	281040	291185	PLPP2	1.9116	1.9116	0	1	0	0	ENST00000327790	7	p13.3	1	1	25844926	TELOMERE	CENTROMERE	BAF_WEIGHTED	0.9122
chr19	301444	344782	MIER2	1.9116	1.9116	0	1	0	0	ENST00000264819	6	p13.3	1	1	25844926	TELOMERE	CENTROMERE	BAF_WEIGHTED	0.9122
chr19	362163	376670	THEG	1.9116	1.9116	0	1	0	0	ENST00000342640	8	p13.3	1	1	25844926	TELOMERE	CENTROMERE	BAF_WEIGHTED	0.9122
chr19	405438	409170	C2CD4C	1.9116	1.9116	0	1	0	0	ENST00000332235	7	p13.3	1	1	25844926	TELOMERE	CENTROMERE	BAF_WEIGHTED	0.9122
chr19	416583	460996	SHC2	1.9116	1.9116	0	1	0	0	ENST00000264554	10	p13.3	1	1	25844926	TELOMERE	CENTROMERE	BAF_WEIGHTED	0.9122
chr19	463346	474983	ODF3L2	1.9116	1.9116	0	1	0	0	ENST00000315489	4	p13.3	1	1	25844926	TELOMERE	CENTROMERE	BAF_WEIGHTED	0.9122
chr20	87710	96533	DEFB125	2.0143	2.0143	0	1	0	0	ENST00000382410	2	p13	1	1	28237289	TELOMERE	CENTROMERE	BAF_WEIGHTED	0.9949
chr20	142369	145751	DEFB126	2.0143	2.0143	0	1	0	0	ENST00000382398	3	p13	1	1	28237289	TELOMERE	CENTROMERE	BAF_WEIGHTED	0.9949
chr20	157470	159163	DEFB127	2.0143	2.0143	0	1	0	0	ENST00000382388	3	p13	1	1	28237289	TELOMERE	CENTROMERE	BAF_WEIGHTED	0.9949
chr20	187853	189681	DEFB128	2.0143	2.0143	0	1	0	0	ENST00000334391	4	p13	1	1	28237289	TELOMERE	CENTROMERE	BAF_WEIGHTED	0.9949
chr20	227258	229886	DEFB129	2.0143	2.0143	0	1	0	0	ENST00000246105	4	p13	1	1	28237289	TELOMERE	CENTROMERE	BAF_WEIGHTED	0.9949
chr20	257736	261096	DEFB132	2.0143	2.0143	0	1	0	0	ENST00000382376	3	p13	1	1	28237289	TELOMERE	CENTROMERE	BAF_WEIGHTED	0.9949
chr20	270863	290749	C20orf96	2.0143	2.0143	0	1	0	0	ENST00000360321	6	p13	1	1	28237289	TELOMERE	CENTROMERE	BAF_WEIGHTED	0.9949
chr20	296968	300321	ZCCHC3	2.0143	2.0143	0	1	0	0	ENST00000500893	3	p13	1	1	28237289	TELOMERE	CENTROMERE	BAF_WEIGHTED	0.9949
chr20	325595	330224	SOX12	2.0143	2.0143	0	1	0	0	ENST00000342665	4	p13	1	1	28237289	TELOMERE	CENTROMERE	BAF_WEIGHTED	0.9949
chr20	347024	354868	NRSN2	2.0143	2.0143	0	1	0	0	ENST00000382291	7	p13	1	1	28237289	TELOMERE	CENTROMERE	BAF_WEIGHTED	0.9949
chr21	5011799	5017145	FP565260.4	2.0167	2.0167	0	1	0	0	ENST00000624081	1	p12	1	1	11890183	TELOMERE	CENTROMERE	LONG_ARM	0.9959
chr21	5022493	5040661	FP565260.3	2.0167	2.0167	0	1	0	0	ENST00000612610	4	p12	1	1	11890183	TELOMERE	CENTROMERE	LONG_ARM	0.9959
chr21	5116341	5128425	FP565260.6	2.0167	2.0167	0	1	0	0	ENST00000620528	4	p12	1	1	11890183	TELOMERE	CENTROMERE	LONG_ARM	0.9959
chr21	5116343	5133805	FP565260.2	2.0167	2.0167	0	1	0	0	ENST00000623476	2	p12	1	1	11890183	TELOMERE	CENTROMERE	LONG_ARM	0.9959
chr21	5130871	5154734	FP565260.1	2.0167	2.0167	0	1	0	0	ENST00000617716	3	p12	1	1	11890183	TELOMERE	CENTROMERE	LONG_ARM	0.9959
chr21	5155499	5163695	FP565260.7	2.0167	2.0167	0	1	0	0	ENST00000623998	1	p12	1	1	11890183	TELOMERE	CENTROMERE	LONG_ARM	0.9959
chr21	5499155	5502497	LINC01670	2.0167	2.0167	0	1	0	0	ENST00000624859	3	p12	1	1	11890183	TELOMERE	CENTROMERE	LONG_ARM	0.9959
chr21	5972924	5973383	CU639417.1	2.0167	2.0167	0	1	0	0	ENST00000464664	3	p12	1	1	11890183	TELOMERE	CENTROMERE	LONG_ARM	0.9959
chr21	6060340	6076305	LINC01669	2.0167	2.0167	0	1	0	0	ENST00000624561	1	p12	1	1	11890183	TELOMERE	CENTROMERE	LONG_ARM	0.9959
chr21	6111134	6123739	CU639417.2	2.0167	2.0167	0	1	0	0	ENST00000613488	2	p12	1	1	11890183	TELOMERE	CENTROMERE	LONG_ARM	0.9959
chr22	15528158	15529139	OR11H1	1.0342	1.0342	0	1	0	0	ENST00000252835	4	q11.1	1	14004553	50818468	CENTROMERE	TELOMERE	BAF_WEIGHTED	0.0261
chr22	15690026	15721522	POTEH	1.0342	1.0342	0	1	0	0	ENST00000343518	10	q11.1	1	14004553	50818468	CENTROMERE	TELOMERE	BAF_WEIGHTED	0.0261
chr22	15746630	15778297	LINC01297	1.0342	1.0342	0	1	0	0	ENST00000453395	5	q11.1	1	14004553	50818468	CENTROMERE	TELOMERE	BAF_WEIGHTED	0.0261
chr22	15784992	15829984	DUXAP8	1.0342	1.0342	0	1	0	0	ENST00000447898	5	q11.1	1	14004553	50818468	CENTROMERE	TELOMERE	BAF_WEIGHTED	0.0261
chr22	16486985	16488322	ACTR3BP2	1.0342	1.0342	0	1	0	0	ENST00000623630	1	q11.1	1	14004553	50818468	CENTROMERE	TELOMERE	BAF_WEIGHTED	0.0261
chr22	16590751	16592810	CCT8L2	1.0342	1.0342	0	1	0	0	ENST00000359963	4	q11.1	1	14004553	50818468	CENTROMERE	TELOMERE	BAF_WEIGHTED	0.0261
chr22	16602044	16653809	TPTEP1	1.0342	1.0342	0	1	0	0	ENST00000426585	5	q11.1	1	14004553	50818468	CENTROMERE	TELOMERE	BAF_WEIGHTED	0.0261
chr22	16783412	16821699	XKR3	1.0342	1.0342	0	1	0	0	ENST00000331428	5	q11.1	1	14004553	50818468	CENTROMERE	TELOMERE	BAF_WEIGHTED	0.0261
chr22	16827474	16829335	HSFY1P1	1.0342	1.0342	0	1	0	0	ENST00000425038	1	q11.1	1	14004553	50818468	CENTROMERE	TELOMERE	BAF_WEIGHTED	0.0261
chr22	16961936	17008222	GAB4	1.0342	1.0342	0	1	0	0	ENST00000400588	5	q11.1	1	14004553	50818468	CENTROMERE	TELOMERE	BAF_WEIGHTED	0.0261
chrX	281192	303356	PLCXD1	0.9969	0.9969	0	1	0	0	ENST00000381657	7	p22.33	1	1	60509060	TELOMERE	CENTROMERE	BAF_WEIGHTED	0.0000
chrX	304750	318819	GTPBP6	0.9969	0.9969	0	1	0	0	ENST00000326153	9	p22.33	1	1	60509060	TELOMERE	CENTROMERE	BAF_WEIGHTED	0.0000
chrX	333963	386710	PPP2R3B	0.9969	0.9969	0	1	0	0	ENST00000390665	8	p22.33	1	1	60509060	TELOMERE	CENTROMERE	BAF_WEIGHTED	0.0000
chrX	624344	646823	SHOX	0.9969	0.9969	0	1	0	0	ENST00000381578	6	p22.33	1	1	60509060	TELOMERE	CENTROMERE	BAF_WEIGHTED	0.0000
chrX	1190490	1212750	CRLF2	0.9969	0.9969	0	1	0	0	ENST00000400841	7	p22.33	1	1	60509060	TELOMERE	CENTROMERE	BAF_WEIGHTED	0.0000
chrX	1268800	1309935	CSF2RA	0.9969	0.9969	0	1	0	0	ENST00000417535	7	p22.33	1	1	60509060	TELOMERE	CENTROMERE	BAF_WEIGHTED	0.0000
chrX	1293918	1293992	MIR3690	0.9969	0.9969	0	1	0	0	ENST00000580266	6	p22.33	1	1	60509060	TELOMERE	CENTROMERE	BAF_WEIGHTED	0.0000
chrX	1336616	1382685	IL3RA	0.9969	0.9969	0	1	0	0	ENST00000331035	9	p22.33	1	1	60509060	TELOMERE	CENTROMERE	BAF_WEIGHTED	0.0000
chrX	1386152	1392724	SLC25A6	0.9969	0.9969	0	1	0	0	ENST00000381401	10	p22.33	1	1	60509060	TELOMERE	CENTROMERE	BAF_WEIGHTED	0.0000
chrX	1397025	1399402	LINC00106	0.9969	0.9969	0	1	0	0	ENST00000430235	7	p22.33	1	1	60509060	TELOMERE	CENTROMERE	BAF_WEIGHTED	0.0000
chrY	2786855	2787699	SRY	1.0097	1.0097	0	1	0	0	ENST00000383070	1	p11.2	1	1	10430491	TELOMERE	CENTROMERE	BAF_WEIGHTED	0.0000
chrY	2841486	2867268	RPS4Y1	1.0097	1.0097	0	1	0	0	ENST00000250784	12	p11.2	1	1	10430491	TELOMERE	CENTROMERE	BAF_WEIGHTED	0.0000
chrY	2935651	2981146	ZFY	1.0097	1.0097	0	1	0	0	ENST00000449237	4	p11.2	1	1	10430491	TELOMERE	CENTROMERE	BAF_WEIGHTED	0.0000
chrY	2966844	3002626	ZFY-AS1	1.0097	1.0097	0	1	0	0	ENST00000417305	1	p11.2	1	1	10430491	TELOMERE	CENTROMERE	BAF_WEIGHTED	0.0000
chrY	3002912	3097217	LINC00278	1.0097	1.0097	0	1	0	0	ENST00000444263	5	p11.2	1	1	10430491	TELOMERE	CENTROMERE	BAF_WEIGHTED	0.0000
chrY	3579115	3580041	TGIF2LY	1.0097	1.0097	0	1	0	0	ENST00000559055	2	p11.2	1	1	10430491	TELOMERE	CENTROMERE	BAF_WEIGHTED	0.0000
chrY	5056090	5104700	PCDH11Y	1.0097	1.0097	0	1	0	0	ENST00000362095	9	p11.2	1	1	10430491	TELOMERE	CENTROMERE	BAF_WEIGHTED	0.0000
chrY	6242446	6243610	TTTY23B	1.0097	1.0097	0	1	0	0	ENST00000451467	1	p11.2	1	1	10430491	TELOMERE	CENTROMERE	BAF_WEIGHTED	0.0000
chrY	6246269	6249012	TSPY2	1.0097	1.0097	0	1	0	0	ENST00000383042	1	p11.2	1	1	10430491	TELOMERE	CENTROMERE	BAF_WEIGHTED	0.0000
chrY	6256267	6263953	FAM197Y9	1.0097	1.0097	0	1	0	0	ENST00000451062	1	p11.2	1	1	10430491	TELOMERE	CENTROMERE	BAF_WEIGHTED	0.0000
