chromosome	start	end	copyNumber	bafCount	observedBAF	baf	segmentStartSupport	segmentEndSupport	method	depthWindowCount	gcContent	minStart	maxStart	minorAlleleCopyNumber	majorAlleleCopyNumber
chr1	1	123605522	1.0249	20830	0.7924	0.9821	TELOMERE	CENTROMERE	BAF_WEIGHTED	107822	0.4222	1	1	0.0184	1.0066
chr1	123605523	200044314	1.9907	10239	0.5402	0.5034	CENTROMERE	DUP	BAF_WEIGHTED	47332	0.3971	123605523	123605523	0.9886	1.0021
chr1	200044315	200044570	2.8330	0	0.0000	0.6494	DUP	DUP	STRUCTURAL_VARIANT	0	0.0000	200044315	200044315	0.9931	1.8399
chr1	200044571	248956422	2.0053	10341	0.5401	0.5048	DUP	TELOMERE	BAF_WEIGHTED	43373	0.4183	200044571	200044571	0.9931	1.0122
chr2	1	93139350	2.0105	19339	0.5400	0.5055	TELOMERE	CENTROMERE	BAF_WEIGHTED	81949	0.4061	1	1	0.9943	1.0162
chr2	93139351	219955359	2.0049	19047	0.5397	0.5032	CENTROMERE	BND	BAF_WEIGHTED	112493	0.3904	93139351	93139351	0.9961	1.0088
chr2	219955360	225225069	1.0197	1284	0.7907	0.9808	BND	BND	BAF_WEIGHTED	5069	0.3960	219955360	219955360	0.0196	1.0002
chr2	225225070	242193529	2.0258	4236	0.5391	0.5112	BND	TELOMERE	BAF_WEIGHTED	15099	0.4440	225225070	225225070	0.9902	1.0356
chr3	1	92214015	1.0268	18629	0.7924	0.9828	TELOMERE	CENTROMERE	BAF_WEIGHTED	83984	0.4013	1	1	0.0176	1.0092
chr3	92214016	198295559	1.9978	21114	0.5394	0.5036	CENTROMERE	TELOMERE	BAF_WEIGHTED	95873	0.3896	92214016	92214016	0.9917	1.0062
chr4	1	50726025	2.0043	9815	0.5401	0.5058	TELOMERE	CENTROMERE	BAF_WEIGHTED	43790	0.4002	1	1	0.9906	1.0138
chr4	50726026	190214555	1.9967	29064	0.5402	0.5018	CENTROMERE	TELOMERE	BAF_WEIGHTED	125591	0.3720	50726026	50726026	0.9948	1.0019
chr5	1	48272853	2.0123	10007	0.5398	0.5061	TELOMERE	CENTROMERE	BAF_WEIGHTED	41158	0.3886	1	1	0.9939	1.0185
chr5	48272854	181538259	1.9998	24295	0.5398	0.5023	CENTROMERE	TELOMERE	BAF_WEIGHTED	118353	0.3947	48272854	48272854	0.9953	1.0045
chr6	1	59191910	2.0037	14316	0.5405	0.5075	TELOMERE	CENTROMERE	BAF_WEIGHTED	49013	0.4141	1	1	0.9868	1.0170
chr6	59191911	106720973	1.9904	9920	0.5412	0.5025	CENTROMERE	INV	BAF_WEIGHTED	41543	0.3672	59191911	59191911	0.9902	1.0002
chr6	106720974	106723259	2.0198	0	0.0000	0.5077	INV	INV	BAF_WEIGHTED	1	0.3740	106720974	106720974	0.9943	1.0255
chr6	106723260	170805979	2.0059	13010	0.5393	0.5043	INV	TELOMERE	BAF_WEIGHTED	58527	0.3941	106723260	106723260	0.9943	1.0116
chr7	1	59498943	2.0101	13148	0.5398	0.5062	TELOMERE	CENTROMERE	BAF_WEIGHTED	51184	0.4054	1	1	0.9926	1.0175
chr7	59498944	153720401	1.9817	18101	0.5406	0.5064	CENTROMERE	BND	BAF_WEIGHTED	78230	0.3980	59498944	59498944	0.9782	1.0034
chr7	153720402	159345973	1.0629	1474	0.7963	0.9819	BND	TELOMERE	BAF_WEIGHTED	4493	0.4615	153720402	153720402	0.0192	1.0436
chr8	1	44955504	1.9966	12481	0.5396	0.5024	TELOMERE	CENTROMERE	BAF_WEIGHTED	36812	0.4119	1	1	0.9936	1.0030
chr8	44955505	145138636	1.9994	17863	0.5402	0.5039	CENTROMERE	TELOMERE	BAF_WEIGHTED	90786	0.3919	44955505	44955505	0.9920	1.0074
chr9	1	44377362	1.9900	9453	0.5400	0.5032	TELOMERE	CENTROMERE	BAF_WEIGHTED	35502	0.3874	1	1	0.9886	1.0014
chr9	44377363	138394717	2.0023	12822	0.5393	0.5048	CENTROMERE	TELOMERE	BAF_WEIGHTED	62659	0.4263	44377363	44377363	0.9915	1.0108
chr10	1	40640101	1.9899	9423	0.5396	0.5062	TELOMERE	CENTROMERE	BAF_WEIGHTED	36171	0.4095	1	1	0.9825	1.0073
chr10	40640102	102443806	2.0032	12359	0.5390	0.5064	CENTROMERE	DEL	BAF_WEIGHTED	52971	0.4088	40640102	40640102	0.9887	1.0145
chr10	102443807	102444308	1.6904	0	0.0000	0.5849	DEL	DEL	STRUCTURAL_VARIANT	0	0.0000	102443807	102443807	0.7016	0.9887
chr10	102444309	133797422	2.0330	6330	0.5386	0.5111	DEL	TELOMERE	BAF_WEIGHTED	29082	0.4321	102444309	102444309	0.9939	1.0392
chr11	1	52751710	2.0012	11075	0.5400	0.5059	TELOMERE	CENTROMERE	BAF_WEIGHTED	43524	0.4054	1	1	0.9888	1.0125
chr11	52751711	135086622	2.0066	14695	0.5397	0.5036	CENTROMERE	TELOMERE	BAF_WEIGHTED	71899	0.4184	52751711	52751711	0.9960	1.0106
chr12	1	35977329	1.9962	7213	0.5395	0.5051	TELOMERE	CENTROMERE	BAF_WEIGHTED	30494	0.4007	1	1	0.9879	1.0083
chr12	35977330	133275309	1.9911	18544	0.5400	0.5042	CENTROMERE	TELOMERE	BAF_WEIGHTED	88185	0.4082	35977330	35977330	0.9872	1.0039
chr13	1	17025623	2.0017	0	0.0000	0.5032	TELOMERE	CENTROMERE	LONG_ARM	0	0.0000	1	1	0.9944	1.0073
chr13	17025624	31577000	2.0017	2802	0.5398	0.5032	CENTROMERE	NONE	BAF_WEIGHTED	11304	0.4192	1	17025624	0.9944	1.0073
chr13	31577001	114364328	1.0271	17442	0.7914	0.9804	NONE	TELOMERE	BAF_WEIGHTED	77044	0.3776	31577001	31577001	0.0201	1.0070
chr14	1	17086761	1.0163	0	0.0000	0.9815	TELOMERE	CENTROMERE	LONG_ARM	0	0.0000	1	1	0.0188	0.9975
chr14	17086762	67875993	1.0163	8671	0.7907	0.9815	CENTROMERE	BND	BAF_WEIGHTED	43953	0.3875	17086762	17086762	0.0188	0.9975
chr14	67875994	107043718	2.0081	7706	0.5399	0.5059	BND	TELOMERE	BAF_WEIGHTED	33253	0.4289	67875994	67875994	0.9922	1.0159
chr15	1	18362626	2.0046	0	0.0000	0.5054	TELOMERE	CENTROMERE	LONG_ARM	0	0.0000	1	1	0.9915	1.0130
chr15	18362627	101991189	2.0046	15408	0.5397	0.5054	CENTROMERE	TELOMERE	BAF_WEIGHTED	66721	0.4194	18362627	18362627	0.9915	1.0130
chr16	1	37295919	1.9777	6946	0.5413	0.5062	TELOMERE	CENTROMERE	BAF_WEIGHTED	24586	0.4547	1	1	0.9766	1.0011
chr16	37295920	90338345	2.0052	10708	0.5406	0.5056	CENTROMERE	TELOMERE	BAF_WEIGHTED	39277	0.4361	37295920	37295920	0.9913	1.0139
chr17	1	24849829	1.9680	5555	0.5401	0.5094	TELOMERE	CENTROMERE	BAF_WEIGHTED	17422	0.4582	1	1	0.9655	1.0025
chr17	24849830	83257441	1.9924	10691	0.5401	0.5085	CENTROMERE	TELOMERE	BAF_WEIGHTED	44832	0.4519	24849830	24849830	0.9792	1.0131
chr18	1	18161052	2.0105	3436	0.5403	0.5062	TELOMERE	CENTROMERE	BAF_WEIGHTED	13175	0.4097	1	1	0.9928	1.0177
chr18	18161053	80373285	2.0088	11861	0.5396	0.5037	CENTROMERE	TELOMERE	BAF_WEIGHTED	55078	0.3930	18161053	18161053	0.9969	1.0119
chr19	1	25844926	1.9116	4875	0.5405	0.5228	TELOMERE	CENTROMERE	BAF_WEIGHTED	19235	0.4964	1	1	0.9122	0.9994
chr19	25844927	58617616	1.9530	6507	0.5396	0.5150	CENTROMERE	TELOMERE	BAF_WEIGHTED	25525	0.4740	25844927	25844927	0.9472	1.0058
chr20	1	28237289	2.0143	6426	0.5402	0.5061	TELOMERE	CENTROMERE	BAF_WEIGHTED	24142	0.4175	1	1	0.9949	1.0194
chr20	28237290	64444167	2.0093	6012	0.5400	0.5115	CENTROMERE	TELOMERE	BAF_WEIGHTED	30310	0.4564	28237290	28237290	0.9816	1.0277
chr21	1	11890183	2.0167	0	0.0000	0.5062	TELOMERE	CENTROMERE	LONG_ARM	42	0.4230	1	1	0.9959	1.0208
chr21	11890184	46709983	2.0167	8000	0.5382	0.5062	CENTROMERE	TELOMERE	BAF_WEIGHTED	29074	0.4048	11890184	11890184	0.9959	1.0208
chr22	1	14004552	1.0342	0	0.0000	0.9748	TELOMERE	CENTROMERE	LONG_ARM	0	0.6730	1	1	0.0261	1.0081
chr22	14004553	50818468	1.0342	7116	0.7886	0.9748	CENTROMERE	TELOMERE	BAF_WEIGHTED	27513	0.4816	14004553	14004553	0.0261	1.0081
chrX	1	60509060	0.9969	0	0.0000	1.0000	TELOMERE	CENTROMERE	BAF_WEIGHTED	49964	0.3978	1	1	0.0000	0.9969
chrX	60509061	156040895	0.9929	0	0.0000	1.0000	CENTROMERE	TELOMERE	BAF_WEIGHTED	78011	0.3873	60509061	60509061	0.0000	0.9929
chrY	1	10430491	1.0097	0	0.0000	1.0000	TELOMERE	CENTROMERE	BAF_WEIGHTED	2667	0.4081	1	1	0.0000	1.0097
chrY	10430492	57227415	0.9859	0	0.0000	1.0000	CENTROMERE	TELOMERE	BAF_WEIGHTED	7011	0.3871	10430492	10430492	0.0000	0.9859
